"round_dt","microhabitat","avg_Tsurface_open","avg_ToSun","avg_ToShade","avg_radiation","de","season","climate_change"
"2020-07-05 09:00:00","Rock-Small",41.2808333333333,46.0243652223646,35.8368890423395,739.300833333333,0.0667816384186679,"Summer",1
"2020-07-05 10:00:00","Rock-Medium",44.7825,50.3398658575542,37.0184490644692,882.115833333333,1.13376866412048,"Summer",1
"2020-07-05 11:00:00","Rock-Medium",48.1983333333333,54.004478495262,38.2536601340217,969.559166666667,2.03357582545078,"Summer",1
"2020-07-05 12:00:00","burrow",50.1983333333333,55.9341227496201,39.5000599194833,1004.39833333333,NA,"Summer",1
"2020-07-05 13:00:00","burrow",50.2258333333333,55.6847375206987,40.5371077818303,970.575833333333,NA,"Summer",1
"2020-07-05 14:00:00","burrow",48.5408333333333,53.6241156165728,41.5481717345787,873.803333333333,NA,"Summer",1
"2020-07-05 15:00:00","burrow",45.6383333333333,49.7242482429017,42.4688220368546,723.263333333333,NA,"Summer",1
"2020-07-05 16:00:00","burrow",42.9158333333333,46.3119547216404,43.0052169918808,541.765833333333,NA,"Summer",1
"2020-07-05 17:00:00","burrow",41.3916666666667,43.2549378358765,43.2242736452113,340.395833333333,NA,"Summer",1
"2020-07-05 18:00:00","burrow",38.7916666666667,39.5269350130315,42.0523834689494,135.148333333333,NA,"Summer",1
"2020-07-06 06:00:00","Rock-Medium",31.4091666666667,32.7590661990974,32.7186719886629,106.8975,2.24131221165695,"Summer",1
"2020-07-06 07:00:00","Rock-Large",34.3208333333333,36.7994447031092,33.426469006458,302.866666666667,1.32089963022707,"Summer",1
"2020-07-06 08:00:00","Rock-Large",36.6675,40.494122054131,34.3970178053998,509.2425,0.314848275988972,"Summer",1
"2020-07-06 09:00:00","Rock-Small",40.1616666666667,44.9853988540273,35.6285075571266,701.476666666667,0.118947217528863,"Summer",1
"2020-07-06 10:00:00","Rock-Medium",42.8741666666667,48.4262888737892,36.6521886055744,856.235833333333,0.974893301538927,"Summer",1
"2020-07-06 11:00:00","Rock-Medium",44.7275,50.7884960992681,37.7709023930876,952.335833333333,1.96663894113938,"Summer",1
"2020-07-06 12:00:00","burrow",46.2125,52.4214268758833,38.3213781430795,982.560833333333,NA,"Summer",1
"2020-07-06 13:00:00","burrow",46.6291666666667,52.5230299954615,39.4046433536749,951.798333333333,NA,"Summer",1
"2020-07-06 14:00:00","burrow",46.5325,51.8358929336372,40.6448587467318,858.285833333333,NA,"Summer",1
"2020-07-06 15:00:00","burrow",44.9333333333333,49.3193526685757,41.6592755192526,703.065,NA,"Summer",1
"2020-07-06 16:00:00","burrow",43.6075,46.7537207592537,42.3411630234108,534.321666666667,NA,"Summer",1
"2020-07-06 17:00:00","burrow",41.2666666666667,43.2441617089376,42.3704760223085,332.9925,NA,"Summer",1
"2020-07-06 18:00:00","burrow",39.1066666666667,39.8743280160814,41.6242462272425,136.858333333333,NA,"Summer",1
"2020-07-07 06:00:00","Rock-Medium",30.655,31.8833759013145,32.1291575152148,119.4475,2.8834363012203,"Summer",1
"2020-07-07 07:00:00","open",33.7458333333333,36.3131869196088,32.640457561342,312.389166666667,1.0131869196088,"Summer",1
"2020-07-07 08:00:00","Rock-Large",36.1075,40.1808697823531,33.6837285956179,533.259166666667,0.825894467643067,"Summer",1
"2020-07-07 09:00:00","Rock-Medium",40.38,45.4754177689578,35.2770080764074,723.825833333333,0.442822522897195,"Summer",1
"2020-07-07 10:00:00","Rock-Medium",45.0033333333333,50.6447278316942,36.4906869289132,880.876666666667,0.351038563487002,"Summer",1
"2020-07-07 11:00:00","Rock-Medium",48.6291666666667,54.3722189097769,37.578155311569,970.759166666667,1.28383861544918,"Summer",1
"2020-07-07 12:00:00","burrow",50.3383333333333,56.2277013115313,38.7196927648732,1008.04916666667,NA,"Summer",1
"2020-07-07 13:00:00","burrow",50.8783333333333,56.1463421061309,39.7832332736275,975.686666666667,NA,"Summer",1
"2020-07-07 14:00:00","burrow",48.6608333333333,53.6168096997567,40.8754765348568,883.4825,NA,"Summer",1
"2020-07-07 15:00:00","burrow",45.4941666666667,49.722653903137,41.7125531684535,731.636666666667,NA,"Summer",1
"2020-07-07 16:00:00","burrow",42.945,46.1242572707999,42.1260239761423,545.699166666667,NA,"Summer",1
"2020-07-07 17:00:00","burrow",40.5866666666667,42.6302298281873,42.1473364365236,345.2,NA,"Summer",1
"2020-07-07 18:00:00","burrow",38.9308333333333,39.7097929440149,41.8893454115411,141.429166666667,NA,"Summer",1
"2020-07-08 06:00:00","Rock-Medium",30.6066666666667,31.9468260511728,32.6540339071904,126.925833333333,2.2713859597419,"Summer",1
"2020-07-08 07:00:00","open",33.7725,36.3552039841203,32.9990077796347,332.350833333333,1.05520398412028,"Summer",1
"2020-07-08 08:00:00","Rock-Large",36.1,40.22801648,33.9692435154615,552.290833333333,0.824246977288993,"Summer",1
"2020-07-08 09:00:00","Rock-Small",40.7641666666667,45.7136026886306,35.416972234863,734.920833333333,0.330550891449398,"Summer",1
"2020-07-08 10:00:00","Rock-Medium",45.2458333333333,50.859131808358,36.4423216173643,892.933333333333,0.454808291678027,"Summer",1
"2020-07-08 11:00:00","Rock-Medium",48.6558333333333,54.4015546968207,37.622533896251,988.900833333333,1.37830801611723,"Summer",1
"2020-07-08 12:00:00","Rock-Medium",50.2675,56.1504555243355,38.7790047544898,1016.50833333333,2.43432223444015,"Summer",1
"2020-07-08 13:00:00","burrow",49.6875,55.1750846292882,39.9526086489734,974.91,NA,"Summer",1
"2020-07-08 14:00:00","burrow",47.7208333333333,52.7822003942925,41.0126230973732,882.330833333333,NA,"Summer",1
"2020-07-08 15:00:00","burrow",44.9791666666667,49.192730959592,41.7247894312285,731.333333333333,NA,"Summer",1
"2020-07-08 16:00:00","burrow",42.5116666666667,45.729138042648,42.2811704208379,543.854166666667,NA,"Summer",1
"2020-07-08 17:00:00","burrow",40.4516666666667,42.6831603081723,42.235007102764,342.583333333333,NA,"Summer",1
"2020-07-08 18:00:00","burrow",38.8491666666667,39.6606566705422,41.7146246349615,141.528333333333,NA,"Summer",1
"2020-07-09 06:00:00","Rock-Small",30.8233333333333,32.300937595652,31.922703838851,123.5025,2.7591231799093,"Summer",1
"2020-07-09 07:00:00","open",34.0591666666667,36.5600465980445,32.5812206390009,327.734166666667,1.26004659804453,"Summer",1
"2020-07-09 08:00:00","Rock-Large",36.3616666666667,40.3050802670278,33.8339946872814,545.385833333333,1.09779720320987,"Summer",1
"2020-07-09 09:00:00","Rock-Large",39.9841666666667,45.0965555444197,35.0170149781172,726.145,0.1137238372593,"Summer",1
"2020-07-09 10:00:00","Rock-Medium",44.235,49.8403231603299,35.9383120923623,879.554166666667,0.181962226961375,"Summer",1
"2020-07-09 11:00:00","Rock-Medium",47.155,52.9517612011861,37.1180158093918,979.815833333333,0.8103455108227,"Summer",1
"2020-07-09 12:00:00","Rock-Medium",48.4125,54.4436456229022,38.1505766114558,1003.41333333333,1.84161572318598,"Summer",1
"2020-07-09 13:00:00","burrow",49.6233333333333,55.2297244444872,39.2175954921266,967.95,NA,"Summer",1
"2020-07-09 14:00:00","burrow",48.0925,53.0310971564809,40.241542634961,875.393333333333,NA,"Summer",1
"2020-07-09 15:00:00","burrow",45.0633333333333,49.2434875306108,40.8063312118216,729.4475,NA,"Summer",1
"2020-07-09 16:00:00","burrow",42.4858333333333,45.6947586224595,41.2725393368498,524.303333333333,NA,"Summer",1
"2020-07-09 17:00:00","burrow",40.1316666666667,41.7826527160182,41.2240206400088,274.818333333333,NA,"Summer",1
"2020-07-09 18:00:00","burrow",38.4491666666667,39.2482817931983,40.5979818828063,131.988333333333,NA,"Summer",1
"2020-07-10 06:00:00","burrow",30.6925,32.1043442295182,31.317160246872,122.301666666667,NA,"Summer",1
"2020-07-10 07:00:00","open",34.3666666666667,36.8549061214426,31.6164766994124,317.734166666667,1.55490612144263,"Summer",1
"2020-07-10 08:00:00","Rock-Large",35.9025,39.8015772543589,33.5353830999575,536.285833333333,1.21975649022647,"Summer",1
"2020-07-10 09:00:00","Rock-Large",40.2233333333333,45.0358372134075,34.8815316659926,718.406666666667,0.213172328486003,"Summer",1
"2020-07-10 10:00:00","Rock-Medium",44.0658333333333,49.9483968064511,35.9164617317989,879.05,0.307780374601244,"Summer",1
"2020-07-10 11:00:00","Rock-Medium",46.7091666666667,52.7872497868286,36.8584753663265,974.9875,0.678704752828601,"Summer",1
"2020-07-10 12:00:00","Rock-Medium",48.125,53.9941537561015,38.0574534123015,1011.835,1.58949026514181,"Summer",1
"2020-07-10 13:00:00","Rock-Medium",49.1516666666667,54.7996567268277,38.8214581618258,976.23,2.25342082477078,"Summer",1
"2020-07-10 14:00:00","burrow",47.7166666666667,52.6742370117338,39.7802490639618,881.569166666667,NA,"Summer",1
"2020-07-10 15:00:00","burrow",45.1633333333333,49.3446752792361,40.6104050321562,730.9575,NA,"Summer",1
"2020-07-10 16:00:00","burrow",42.7141666666667,45.8760423929284,41.1254336356249,538.395833333333,NA,"Summer",1
"2020-07-10 17:00:00","burrow",40.7575,42.6058583442075,41.5333824962393,324.254166666667,NA,"Summer",1
"2020-07-10 18:00:00","burrow",38.8991666666667,39.8285903646259,41.2710934325222,128.450833333333,NA,"Summer",1
"2020-07-11 06:00:00","open",31.0758333333333,32.5108491538475,32.4238369139574,119.18,2.78915084615251,"Summer",1
"2020-07-11 07:00:00","Rock-Large",34.6225,37.0917990825593,33.2744717704242,322.555833333333,1.43818343511197,"Summer",1
"2020-07-11 08:00:00","Rock-Large",36.2841666666667,40.3605042007972,34.246702755848,541.5425,0.277227609810822,"Summer",1
"2020-07-11 09:00:00","Rock-Small",40.4933333333333,45.4670829257809,35.2531496071581,724.4,0.507642650003895,"Summer",1
"2020-07-11 10:00:00","Rock-Medium",44.8458333333333,50.6681453935159,36.4162173251998,884.716666666667,0.315852486592455,"Summer",1
"2020-07-11 11:00:00","Rock-Medium",48.3766666666667,54.292427053062,37.5246897475584,973.729166666667,1.1217136547465,"Summer",1
"2020-07-11 12:00:00","Rock-Medium",50.3091666666667,56.1936078397696,38.5137106266662,1001.15333333333,2.12052768303933,"Summer",1
"2020-07-11 13:00:00","burrow",50.8008333333333,56.2773217684202,39.5468605405775,973.78,NA,"Summer",1
"2020-07-11 14:00:00","burrow",49.6825,54.5810404851647,40.4786025943947,877.683333333333,NA,"Summer",1
"2020-07-11 15:00:00","burrow",45.8683333333333,50.0519936014363,41.4327972337708,728.334166666667,NA,"Summer",1
"2020-07-11 16:00:00","burrow",43.2391666666667,46.4680308545455,42.1123004461108,540.783333333333,NA,"Summer",1
"2020-07-11 17:00:00","burrow",41.4466666666667,43.4961586503669,42.2140943061027,340.208333333333,NA,"Summer",1
"2020-07-11 18:00:00","burrow",39.6741666666667,40.539313707898,41.9249662345979,141.5575,NA,"Summer",1
"2020-07-12 06:00:00","Rock-Medium",31.74,33.1473867096943,33.049548846162,120.955,1.88935252557272,"Summer",1
"2020-07-12 07:00:00","Rock-Large",34.9633333333333,37.1717152320337,33.6559501549196,313.734533333333,0.403627918185094,"Summer",1
"2020-07-12 11:00:00","Rock-Large",49.74,55.5307843506365,37.7492312229386,998.1935,2.44923122293865,"Summer",1
"2020-07-12 12:00:00","burrow",50.51,56.2926845594419,39.0743541735739,1001.286,NA,"Summer",1
"2020-07-12 14:00:00","burrow",48.46,53.0669525194866,41.2040231356767,761.6667,NA,"Summer",1
"2020-07-20 11:00:00","burrow",49.42,54.9316266005565,37.9862888752141,969.38,NA,"Summer",1
"2020-07-20 12:00:00","burrow",50.0925,55.8380705559355,39.1087970799698,971.389166666667,NA,"Summer",1
"2020-07-20 13:00:00","burrow",52.2308333333333,57.5460909480312,40.2354782288366,935.56,NA,"Summer",1
"2020-07-20 14:00:00","burrow",52.2183333333333,56.5998327095132,40.983790174356,837.923333333333,NA,"Summer",1
"2020-07-20 15:00:00","burrow",51.1833333333333,54.8286881839144,41.8332208734855,676.774166666667,NA,"Summer",1
"2020-07-20 16:00:00","burrow",48.3425,50.8327055109723,42.403292137836,475.820833333333,NA,"Summer",1
"2020-07-20 17:00:00","burrow",44.2958333333333,45.5932126765387,42.7337651127273,268.2025,NA,"Summer",1
"2020-07-20 18:00:00","burrow",41.3283333333333,42.0112258529304,42.2372356582153,100.106666666667,NA,"Summer",1
"2020-07-21 06:00:00","Rock-Small",31.4583333333333,32.7404610200981,33.3938385990413,97.5833333333333,1.750339245547,"Summer",1
"2020-07-21 07:00:00","Rock-Large",33.9025,36.4664144033393,34.2286104204528,291.533333333333,0.704672233456193,"Summer",1
"2020-07-21 08:00:00","Rock-Medium",35.5158333333333,39.3575010075059,35.1358307354153,514.585833333333,0.106193547454147,"Summer",1
"2020-07-21 09:00:00","Rock-Medium",39.8358333333333,45.0870978222286,36.0981574395857,707.958333333333,0.422794625395326,"Summer",1
"2020-07-21 10:00:00","Rock-Medium",44.0575,49.866526155122,37.1442960225978,861.004166666667,1.30092672416622,"Summer",1
"2020-07-21 11:00:00","Rock-Medium",47.6325,53.556759491452,38.2979230608855,952.998333333333,2.08622407518595,"Summer",1
"2020-07-21 12:00:00","burrow",49.8058333333333,55.8291911010615,39.3452130357379,977.646666666667,NA,"Summer",1
"2020-07-21 13:00:00","burrow",51.425,56.9259479085338,40.1526820420565,937.733333333333,NA,"Summer",1
"2020-07-21 14:00:00","burrow",52.1633333333333,56.8396942446463,41.2877140210786,838.675,NA,"Summer",1
"2020-07-21 15:00:00","burrow",50.3783333333333,54.2150951401904,42.106896924403,682.000833333333,NA,"Summer",1
"2020-07-21 16:00:00","burrow",48.4475,51.0303012033051,42.8699346382815,491.700833333333,NA,"Summer",1
"2020-07-21 17:00:00","burrow",44.08,45.4427083027193,43.0915863747183,287.588333333333,NA,"Summer",1
"2020-07-21 18:00:00","burrow",40.3208333333333,40.9499893334115,42.7259235571037,109.641666666667,NA,"Summer",1
"2020-07-22 06:00:00","Rock-Medium",30.1416666666667,31.4421075795879,33.5337734332889,115.448333333333,1.27173392668929,"Summer",1
"2020-07-22 07:00:00","open",32.6325,35.3580615725924,33.5354716049543,324.910833333333,0.0580615725924289,"Summer",1
"2020-07-22 08:00:00","Rock-Large",34.6916666666667,38.6083971542655,34.5464568466147,539.1525,0.268437429334156,"Summer",1
"2020-07-22 09:00:00","Rock-Small",39.385,44.5835413673408,35.3587298958197,736.015,0.372643740199095,"Summer",1
"2020-07-22 10:00:00","Rock-Medium",43.6375,49.3850481374414,36.3885516364671,887.496666666667,0.174552656614082,"Summer",1
"2020-07-22 11:00:00","Rock-Medium",47.1491666666667,53.1639868940056,37.4902206314417,974.125,1.1874851256402,"Summer",1
"2020-07-22 12:00:00","Rock-Medium",49.5333333333333,55.2998822926023,38.4504489834494,992.246666666667,1.97743635940563,"Summer",1
"2020-07-22 13:00:00","burrow",51.0775,56.3563239551062,39.6412339849727,955.329166666667,NA,"Summer",1
"2020-07-22 14:00:00","burrow",50.8975,55.2892324027929,40.6938192203523,858.34,NA,"Summer",1
"2020-07-22 15:00:00","burrow",49.1983333333333,52.8902989645291,41.4009574957368,701.828333333333,NA,"Summer",1
"2020-07-22 16:00:00","burrow",47.89,50.2193764985125,41.7529696236572,500.015,NA,"Summer",1
"2020-07-22 17:00:00","burrow",42.57,43.8158676214249,41.9223359019652,291.443333333333,NA,"Summer",1
"2020-07-22 18:00:00","burrow",39.1766666666667,39.7934383181201,41.4304993255266,108.133333333333,NA,"Summer",1
"2020-07-23 06:00:00","Rock-Small",30.5658333333333,31.8024442743522,32.9850522447245,97.91,1.76941058092403,"Summer",1
"2020-07-23 07:00:00","open",32.7083333333333,35.3071066634071,33.3569280239895,299.658333333333,0.00710666340710731,"Summer",1
"2020-07-23 08:00:00","Rock-Large",34.9275,38.7228579920676,34.2711668564319,513.274166666667,0.811363462378026,"Summer",1
"2020-07-23 09:00:00","Rock-Small",39.6733333333333,44.7562649480342,35.4284245176856,710.735833333333,0.14501419477417,"Summer",1
"2020-07-23 10:00:00","Rock-Medium",43.6375,49.2436132174594,36.5409798485743,853.4675,0.784478759640507,"Summer",1
"2020-07-23 11:00:00","Rock-Medium",47.6516666666667,53.5411997135763,37.7056992192236,958.110833333333,1.56197198060698,"Summer",1
"2020-07-23 12:00:00","burrow",49.8191666666667,55.650947223735,38.9598880432561,983.968333333333,NA,"Summer",1
"2020-07-23 13:00:00","burrow",51.4708333333333,56.6303101371665,39.9568909203785,941.169166666667,NA,"Summer",1
"2020-07-23 14:00:00","burrow",51.0758333333333,55.6038643211126,41.1797501653865,842.523333333333,NA,"Summer",1
"2020-07-23 15:00:00","burrow",50.1316666666667,53.7092611465171,42.2551017321235,690.67,NA,"Summer",1
"2020-07-23 16:00:00","burrow",48.08,50.6216833113825,43.046264378454,497.186666666667,NA,"Summer",1
"2020-07-23 17:00:00","burrow",44.1241666666667,45.4103747672884,43.2869908397184,286.140833333333,NA,"Summer",1
"2020-07-23 18:00:00","burrow",40.7525,41.4117293711792,43.300687845289,109.1675,NA,"Summer",1
"2020-07-24 06:00:00","Rock-Large",30.9183333333333,32.2067396431393,34.2225392122229,114.259166666667,0.652974421249674,"Summer",1
"2020-07-24 07:00:00","Rock-Large",33.4808333333333,36.2525065812915,34.4140825760564,323.935,0.475011856334376,"Summer",1
"2020-07-24 08:00:00","Rock-Medium",35.3766666666667,39.5040417241885,35.2379543406467,542.85,0.224280148998822,"Summer",1
"2020-07-24 09:00:00","Rock-Small",40.3475,45.6788640499638,36.509630609008,746.120833333333,0.665237362150137,"Summer",1
"2020-07-24 10:00:00","Rock-Medium",44.8608333333333,50.7268442498774,37.6201112308988,890.009166666667,1.54016823877285,"Summer",1
"2020-07-24 11:00:00","Rock-Medium",48.9066666666667,55.0576995356151,38.61191732778,990.06,2.255491491808,"Summer",1
"2020-07-24 12:00:00","burrow",51.0475,56.9296951253606,39.7909669607773,1007.7475,NA,"Summer",1
"2020-07-24 13:00:00","burrow",52.6791666666667,58.155170147252,41.0305007338717,959.144166666667,NA,"Summer",1
"2020-07-24 14:00:00","burrow",52.9833333333333,57.5525398111287,42.0220123061721,860.995833333333,NA,"Summer",1
"2020-07-24 15:00:00","burrow",51.3966666666667,55.1174856985942,43.1391724151277,706.976666666667,NA,"Summer",1
"2020-07-24 16:00:00","burrow",49.2033333333333,51.8122358516455,43.7151483321342,508.115,NA,"Summer",1
"2020-07-24 17:00:00","burrow",44.4891666666667,45.7569975433842,43.7826796462562,298.939166666667,NA,"Summer",1
"2020-07-24 18:00:00","burrow",40.1908333333333,40.6128836742948,43.5802832216577,111.57,NA,"Summer",1
"2020-07-25 06:00:00","Rock-Medium",30.4666666666667,31.7322171506042,33.6374547729842,118.849166666667,1.27621510691622,"Summer",1
"2020-07-25 07:00:00","open",33.2575,35.9723806551997,33.7737207651581,331.225833333333,0.672380655199731,"Summer",1
"2020-07-25 08:00:00","Rock-Medium",34.8208333333333,38.898643412885,35.2782547925165,542.183333333333,0.222626699764348,"Summer",1
"2020-07-25 09:00:00","Rock-Small",39.8683333333333,45.2921021742292,36.4136898689594,750.530833333333,0.643983977314768,"Summer",1
"2020-07-25 10:00:00","Rock-Medium",44.4191666666667,50.289310637882,37.5309445396825,887.186666666667,1.5056833011532,"Summer",1
"2020-07-25 11:00:00","Rock-Medium",48.5333333333333,54.4342106536229,38.5464319725524,995.0225,2.29913542289115,"Summer",1
"2020-07-25 12:00:00","burrow",50.8983333333333,56.6868337303995,39.47556825767,1017.66166666667,NA,"Summer",1
"2020-07-25 13:00:00","burrow",52.09,57.515053562232,40.5458235519874,976.355833333333,NA,"Summer",1
"2020-07-25 14:00:00","burrow",51.8458333333333,56.4461085034332,41.6065800378159,871.59,NA,"Summer",1
"2020-07-25 15:00:00","burrow",51.1958333333333,54.5997132418752,42.6450488861994,710.455,NA,"Summer",1
"2020-07-25 16:00:00","burrow",48.2383333333333,50.6895702287147,43.3140543599503,510.743333333333,NA,"Summer",1
"2020-07-25 17:00:00","burrow",43.9633333333333,45.1558624512815,43.7325223486931,294.698333333333,NA,"Summer",1
"2020-07-25 18:00:00","burrow",40.335,40.7829106189008,43.395260929227,104.681666666667,NA,"Summer",1
"2020-07-26 06:00:00","Rock-Small",30.2325,31.4421262457349,32.6696841858835,89.76,2.0923618677535,"Summer",1
"2020-07-26 07:00:00","open",32.3291666666667,34.9126835324425,32.9705991105546,288.833333333333,0.387316467557504,"Summer",1
"2020-07-26 08:00:00","Rock-Large",34.3758333333333,38.2087144865087,34.1370846707363,504.9475,0.913680394597669,"Summer",1
"2020-07-26 09:00:00","Rock-Small",38.7291666666667,43.8692671013884,35.4376077073032,707.885833333333,0.022819078793205,"Summer",1
"2020-07-26 10:00:00","Rock-Medium",42.275,47.9386964205974,36.5769567975031,852.898333333333,0.809948687985525,"Summer",1
"2020-07-26 11:00:00","Rock-Medium",45.2858333333333,51.3726200817672,37.4551271558088,958.248333333333,1.34494947900553,"Summer",1
"2020-07-26 12:00:00","burrow",47.6858333333333,53.7028287877257,38.6049665359698,982.6925,NA,"Summer",1
"2020-07-26 13:00:00","burrow",49.0966666666667,54.6113480023241,39.8699701514489,939.485833333333,NA,"Summer",1
"2020-07-26 14:00:00","burrow",49.7075,54.2823730472691,41.1444926871625,830.510833333333,NA,"Summer",1
"2020-07-26 15:00:00","burrow",49.2208333333333,52.7563027427682,42.1029189826024,676.079166666667,NA,"Summer",1
"2020-07-26 16:00:00","burrow",48.1133333333333,50.6239049767259,43.1475681992359,502.976666666667,NA,"Summer",1
"2020-07-26 17:00:00","burrow",46.45,47.8933248428509,43.8304746174743,318.9125,NA,"Summer",1
"2020-07-26 18:00:00","burrow",42.5258333333333,42.9882405117814,43.8012921836157,103.205833333333,NA,"Summer",1
"2020-07-27 10:00:00","Rock-Medium",42.98,47.6729661348755,37.2602717567724,735.9375,1.43641240124018,"Summer",1
"2020-07-27 13:00:00","burrow",50.95,55.7619039694655,40.5442069210792,841.5,NA,"Summer",1
"2020-07-27 18:00:00","burrow",42.08,42.6637688561121,43.7869116175656,28.47826,NA,"Summer",1
"2020-07-28 07:00:00","Rock-Medium",35.56,37.8649981559091,35.077772590423,301.6875,0.0337669114527017,"Summer",1
"2020-08-03 06:00:00","Rock-Medium",30.5833333333333,31.5773805729642,34.1903494872619,131.2875,0.293357815609973,"Summer",1
"2020-08-03 07:00:00","Rock-Medium",34.34,36.827534419536,35.013929842854,410.482222222222,0.520239557930161,"Summer",1
"2020-08-03 08:00:00","Rock-Small",38.1966666666667,41.207593821414,36.0323720985736,643.185,0.286975943847921,"Summer",1
"2020-08-03 09:00:00","Rock-Medium",43.2416666666667,46.8942352571394,36.9656260760537,807.125,1.07085776759774,"Summer",1
"2020-08-03 10:00:00","Rock-Medium",47.0916666666667,51.7062757933202,38.1104129262712,949.225,2.05132593256774,"Summer",1
"2020-08-03 11:00:00","burrow",50.7183333333333,55.6029349223551,39.3315130188884,1004.87,NA,"Summer",1
"2020-08-03 12:00:00","burrow",51.9183333333333,57.0517776077841,40.9698984920701,975.556666666667,NA,"Summer",1
"2020-08-03 13:00:00","burrow",51.01,56.7295343249002,41.9469096194489,888.13,NA,"Summer",1
"2020-08-03 14:00:00","burrow",50.8566666666667,55.3850954867763,42.8913197188237,743.291666666667,NA,"Summer",1
"2020-08-03 15:00:00","burrow",49.56,53.10098209777,43.5374325109301,557.096666666667,NA,"Summer",1
"2020-08-03 16:00:00","burrow",45.9616666666667,48.9832083497433,43.7501886336271,332.94,NA,"Summer",1
"2020-08-03 17:00:00","burrow",42.13,44.2443545653524,43.7569438129775,154.38,NA,"Summer",1
"2020-08-03 18:00:00","burrow",38.745,39.9653760811722,42.6732296663753,18.9716666666667,NA,"Summer",1
"2020-08-04 06:00:00","Rock-Medium",31.955,32.9115812604791,33.133722801666,202.363333333333,1.9947342382906,"Summer",1
"2020-08-04 07:00:00","Rock-Large",34.1066666666667,36.5887130242782,34.0362083510341,445.643333333333,0.613176380089619,"Summer",1
"2020-08-04 08:00:00","Rock-Large",37.0516666666667,40.3536834998901,35.0113185191683,636.578333333333,0.253822012055004,"Summer",1
"2020-08-04 09:00:00","Rock-Medium",41.4533333333333,45.5413778257928,36.6074160301707,822.791666666667,1.01559697607007,"Summer",1
"2020-08-04 10:00:00","Rock-Medium",45.2433333333333,49.7826638679766,37.8313623484793,938.983333333333,2.0490814620886,"Summer",1
"2020-08-04 11:00:00","burrow",48.0566666666667,53.1904784618372,38.9516760193838,989.413333333333,NA,"Summer",1
"2020-08-04 12:00:00","burrow",51.0233333333333,55.9333216225224,40.0729617051738,971.945,NA,"Summer",1
"2020-08-04 13:00:00","burrow",51.7766666666667,56.7984445456805,41.2463720180779,884.156666666667,NA,"Summer",1
"2020-08-04 14:00:00","burrow",51.2266666666667,55.887902053421,42.1512758322603,732.525,NA,"Summer",1
"2020-08-04 15:00:00","burrow",48.6266666666667,52.4824957006107,42.9435975069711,551.256666666667,NA,"Summer",1
"2020-08-04 16:00:00","burrow",44.9316666666667,48.0194279727929,43.392592132084,345.146666666667,NA,"Summer",1
"2020-08-04 17:00:00","burrow",40.5683333333333,42.7552527531965,42.8807360408204,147.655,NA,"Summer",1
"2020-08-04 18:00:00","burrow",38.05,39.0716854437749,42.1640038738937,17.8733333333333,NA,"Summer",1
"2020-08-05 06:00:00","Rock-Medium",31.8883333333333,32.6925749317045,32.9222972244159,206.446666666667,2.15628491252286,"Summer",1
"2020-08-05 07:00:00","Rock-Large",34.2266666666667,36.6637794689471,34.1703746705441,435.285,0.364263266053598,"Summer",1
"2020-08-05 08:00:00","Rock-Medium",37.7916666666667,40.8028782435892,35.3426496276246,637.455,0.161553677814695,"Summer",1
"2020-08-05 09:00:00","Rock-Medium",41.135,45.5090659914344,36.6088756455878,822.393333333333,0.98002553304314,"Summer",1
"2020-08-05 10:00:00","Rock-Medium",44.1516666666667,49.1604301456972,37.5823354465481,942.128333333333,1.67686881968037,"Summer",1
"2020-08-05 11:00:00","Rock-Large",46.2316666666667,51.8057565229961,38.4314052371291,984.875,2.33424286799838,"Summer",1
"2020-08-05 12:00:00","burrow",48.2683333333333,53.7647643864747,39.5621282000572,973.026666666667,NA,"Summer",1
"2020-08-05 13:00:00","burrow",48.89,54.2096152620714,40.8043663170896,903.09,NA,"Summer",1
"2020-08-05 14:00:00","burrow",49.29,53.838668777092,41.9359464256036,742.083333333333,NA,"Summer",1
"2020-08-05 15:00:00","burrow",47.785,51.7639503264002,42.3874020872663,556.723333333333,NA,"Summer",1
"2020-08-05 16:00:00","burrow",43.7583333333333,47.1542766434244,42.6322806885729,355.46,NA,"Summer",1
"2020-08-05 17:00:00","burrow",38.8883333333333,41.2836000812672,42.3540002041126,149.658333333333,NA,"Summer",1
"2020-08-05 18:00:00","open",36.2266666666667,37.2933644382296,40.7899274505863,16.315,1.99336443822962,"Summer",1
"2020-08-06 06:00:00","burrow",31.03,31.9613830579218,32.0287865529353,225.076666666667,NA,"Summer",1
"2020-08-06 07:00:00","open",33.7216666666667,36.1409275438095,33.3321322331614,454.068333333333,0.840927543809485,"Summer",1
"2020-08-06 08:00:00","Rock-Large",37.85,40.689438862658,34.6510367321678,650.666666666667,0.32584867859223,"Summer",1
"2020-08-06 09:00:00","Rock-Medium",42.3316666666667,46.3001142768305,35.9647228570019,828.48,0.239376640410107,"Summer",1
"2020-08-06 10:00:00","Rock-Medium",45.8283333333333,50.446209358697,37.5456376600258,946.92,1.71342130000617,"Summer",1
"2020-08-06 11:00:00","burrow",48.945,53.9213875686868,38.7374737188861,990.318333333333,NA,"Summer",1
"2020-08-06 12:00:00","burrow",51.145,56.27239323716,39.8145301837761,971.498333333333,NA,"Summer",1
"2020-08-06 13:00:00","burrow",51.7716666666667,56.7425058876079,40.7895873458425,883.69,NA,"Summer",1
"2020-08-06 14:00:00","burrow",50.6883333333333,55.4787286130458,42.0192072534032,737.401666666667,NA,"Summer",1
"2020-08-06 15:00:00","burrow",48.6966666666667,52.6771207918407,42.7735215346017,546.696666666667,NA,"Summer",1
"2020-08-06 16:00:00","burrow",45.1016666666667,48.3053519632073,43.0128665886029,337.5,NA,"Summer",1
"2020-08-06 17:00:00","burrow",40.6933333333333,42.911181860823,42.8807817146563,148.366666666667,NA,"Summer",1
"2020-08-06 18:00:00","burrow",37.755,38.9223560429453,42.0574692657998,16.21,NA,"Summer",1
"2020-08-07 06:00:00","Rock-Medium",31.7883333333333,32.6614505796586,33.3695423297035,215.766666666667,1.67182995457929,"Summer",1
"2020-08-07 07:00:00","Rock-Large",33.855,36.3540617883746,34.1775214628231,446.891666666667,0.361540053719146,"Summer",1
"2020-08-07 08:00:00","Rock-Medium",37.3483333333333,40.184088254056,35.0506769134834,630.558333333333,0.463042361269892,"Summer",1
"2020-08-07 09:00:00","Rock-Medium",42.485,46.3787670541013,36.263609084737,824.055,0.5575795230138,"Summer",1
"2020-08-07 10:00:00","Rock-Medium",46.095,50.8058645908628,37.1359791633234,947.286666666667,1.0848070790624,"Summer",1
"2020-08-07 11:00:00","Rock-Medium",49.825,54.7117725074029,38.4874302381706,1009.11833333333,2.17439717659821,"Summer",1
"2020-08-07 12:00:00","burrow",50.8783333333333,56.0390622790685,40.1006282165047,992.431666666667,NA,"Summer",1
"2020-08-07 13:00:00","burrow",51.58,56.5389611986224,41.3467502178337,901.905,NA,"Summer",1
"2020-08-07 14:00:00","burrow",52.02,56.2597967198209,42.4749799458283,741.768333333333,NA,"Summer",1
"2020-08-07 15:00:00","burrow",49.5366666666667,53.5573198329717,43.2631799576861,553.643333333333,NA,"Summer",1
"2020-08-07 16:00:00","burrow",45.11,48.455173774267,43.820966944606,344.798333333333,NA,"Summer",1
"2020-08-07 17:00:00","burrow",40.6916666666667,42.9224985072152,43.4587049646976,146.303333333333,NA,"Summer",1
"2020-08-07 18:00:00","burrow",37.8516666666667,39.0155099094248,42.7312527844035,14.66,NA,"Summer",1
"2020-08-08 06:00:00","Rock-Medium",32.9483333333333,33.8319957317401,34.2058225991838,187.956666666667,0.682286233478798,"Summer",1
"2020-08-08 07:00:00","Rock-Medium",35.605,37.8374177855556,35.0718342558357,424.788333333333,0.128440459164565,"Summer",1
"2020-08-08 08:00:00","Rock-Small",39.5283333333333,42.3487648644793,36.3682677691352,619.183333333333,0.254435146331105,"Summer",1
"2020-08-08 09:00:00","Rock-Medium",42.7233333333333,46.9541184708297,37.5157176162774,798.235,1.86126138137264,"Summer",1
"2020-08-08 10:00:00","burrow",45.5783333333333,50.4794707090376,38.6727493323246,918.358333333333,NA,"Summer",1
"2020-08-08 11:00:00","burrow",48.2716666666667,53.5924264909691,39.6843185133329,970.173333333333,NA,"Summer",1
"2020-08-08 12:00:00","burrow",50.1633333333333,55.5206186908364,40.8608470695342,949.526666666667,NA,"Summer",1
"2020-08-08 13:00:00","burrow",50.8983333333333,56.0183866032578,41.878075386973,867.415,NA,"Summer",1
"2020-08-08 14:00:00","burrow",51.6466666666667,55.9268553848754,42.9209050035826,717.193333333333,NA,"Summer",1
"2020-08-08 15:00:00","burrow",49.3383333333333,53.2863687884521,43.6450660896313,524.733333333333,NA,"Summer",1
"2020-08-08 16:00:00","burrow",45.45,48.709846163685,44.1190243049526,330.058333333333,NA,"Summer",1
"2020-08-08 17:00:00","burrow",40.705,42.9069734010315,43.6393985936872,135.018333333333,NA,"Summer",1
"2020-08-08 18:00:00","burrow",38.1316666666667,39.1675091257509,42.6936445421441,15.68,NA,"Summer",1
"2020-08-09 06:00:00","Rock-Large",31.95,33.0080393441544,33.4421852956282,212.26,1.60375669418392,"Summer",1
"2020-08-09 07:00:00","Rock-Large",33.585,36.2843233364263,34.1604040474554,453.705,0.735048176482799,"Summer",1
"2020-08-09 08:00:00","Rock-Medium",38.2716666666667,41.0101002012299,35.4258732301662,654.508333333333,0.151990680328367,"Summer",1
"2020-08-09 09:00:00","Rock-Medium",41.3366666666667,45.3595915609674,36.4719719446329,739.198333333333,0.994863070984202,"Summer",1
"2020-08-09 10:00:00","Rock-Medium",44.1166666666667,48.8980573410636,37.7046612792883,926.38,1.82059701685657,"Summer",1
"2020-08-09 12:00:00","burrow",46.32,51.6993381348096,39.5492211571594,891.52,NA,"Summer",1
"2020-08-09 14:00:00","burrow",47.91,52.1124758199272,41.2236317677854,730.6087,NA,"Summer",1
"2020-08-09 15:00:00","burrow",47.76,51.3361502699892,41.9093225002619,635,NA,"Summer",1
"2020-08-09 18:00:00","open",36.6,37.0901974827308,40.5249091781196,48,1.7901974827308,"Summer",1
"2020-08-10 12:00:00","burrow",47.33,53.8088472287421,39.0469405617806,1078.177,NA,"Summer",1
"2020-08-11 07:00:00","open",33.18,35.8040736013416,33.1516037429401,358,0.504073601341602,"Summer",1
"2020-08-24 11:00:00","Rock-Medium",53.17,58.3700504603452,38.4435204101349,975.85,2.22490407990414,"Summer",1
"2020-08-24 12:00:00","burrow",55.2466666666667,59.9766344811942,39.4099316218465,943.576666666667,NA,"Summer",1
"2020-08-24 13:00:00","burrow",55.6833333333333,60.1092172160312,40.6429787114047,854.048333333333,NA,"Summer",1
"2020-08-24 14:00:00","burrow",53.345,57.7053150525709,41.5500635016718,717.37,NA,"Summer",1
"2020-08-24 15:00:00","burrow",50.3966666666667,53.9826143381775,42.4134496295842,533.733333333333,NA,"Summer",1
"2020-08-24 16:00:00","burrow",44.7883333333333,48.1677802531935,43.1406833881565,318.868333333333,NA,"Summer",1
"2020-08-24 17:00:00","burrow",40.0283333333333,42.1261124737809,42.9728004557931,116.943333333333,NA,"Summer",1
"2020-08-25 06:00:00","Rock-Medium",30.455,30.9411912548597,33.3514222790445,166.44,1.46923630726926,"Summer",1
"2020-08-25 07:00:00","Rock-Large",37.32,38.0705160330919,34.3827539860139,388.656666666667,0.42709385529362,"Summer",1
"2020-08-25 08:00:00","Rock-Medium",40.825,43.2667918819008,35.4710429289544,581.1,0.148232417753363,"Summer",1
"2020-08-25 09:00:00","Rock-Medium",44.845,48.5439980284759,36.0923122442197,772.558333333333,0.536995029671033,"Summer",1
"2020-08-25 10:00:00","Rock-Medium",51.0816666666667,54.4209511383562,37.0345477665845,892.528333333333,1.09503586800707,"Summer",1
"2020-08-25 11:00:00","Rock-Large",55.3433333333333,59.1798638952372,38.2170532769288,947.303333333333,1.94623547620731,"Summer",1
"2020-08-25 12:00:00","burrow",55.49,60.2651274530783,39.5539390588239,936.448333333333,NA,"Summer",1
"2020-08-25 13:00:00","burrow",55.6066666666667,59.8562963574547,40.649296101787,852.186666666667,NA,"Summer",1
"2020-08-25 14:00:00","burrow",52.13,56.8941969092204,41.8353594750931,712.605,NA,"Summer",1
"2020-08-25 15:00:00","burrow",48.4783333333333,52.2752809521312,42.7241439215543,517.131666666667,NA,"Summer",1
"2020-08-25 16:00:00","burrow",43.6333333333333,46.8894674414031,42.9297101347675,310.796666666667,NA,"Summer",1
"2020-08-25 17:00:00","burrow",39.1733333333333,41.1766787481526,42.7769041811972,112.786666666667,NA,"Summer",1
"2020-08-26 06:00:00","Rock-Medium",29.6333333333333,30.3985395787204,33.0586439311729,169.531666666667,1.81548406646683,"Summer",1
"2020-08-26 07:00:00","Rock-Large",37.82,37.8843804924033,33.8435721200201,391.288333333333,0.872119439017247,"Summer",1
"2020-08-26 08:00:00","Rock-Medium",40.6083333333333,43.4293513188312,35.424127956355,597.441666666667,0.0157573143189609,"Summer",1
"2020-08-26 09:00:00","Rock-Medium",44.7083333333333,48.3746526560052,35.9300869527693,776.873333333333,0.492047718822732,"Summer",1
"2020-08-26 10:00:00","Rock-Medium",51.3666666666667,54.626263061524,37.228393847349,898.823333333333,1.24692826775967,"Summer",1
"2020-08-26 11:00:00","Rock-Medium",52.5633333333333,57.8831290326338,37.8760008029529,954.866666666667,1.63315929950407,"Summer",1
"2020-08-26 12:00:00","Rock-Large",53.575,58.3244519147118,39.4194726290468,938.92,2.47535883518873,"Summer",1
"2020-08-26 13:00:00","burrow",54.0916666666667,58.6385979594637,40.464422077486,848.083333333333,NA,"Summer",1
"2020-08-26 14:00:00","burrow",52.1366666666667,56.2783893860148,41.426828431478,702.371666666667,NA,"Summer",1
"2020-08-26 15:00:00","burrow",47.855,51.7676120707743,42.5486388733374,516.425,NA,"Summer",1
"2020-08-26 16:00:00","burrow",43.395,46.5013817933212,42.66169818546,303.96,NA,"Summer",1
"2020-08-26 17:00:00","burrow",39.1783333333333,41.1652768570708,42.349091904443,111.425,NA,"Summer",1
"2020-08-27 06:00:00","Rock-Large",29.1683333333333,29.9877984773525,32.2131894998231,170.766666666667,2.7480100369175,"Summer",1
"2020-08-27 07:00:00","open",37.08,37.2828657159626,32.7924797574692,387.618333333333,1.98286571596258,"Summer",1
"2020-08-27 08:00:00","Rock-Large",40.9933333333333,43.2007838040823,34.2583899556886,586.778333333333,0.0964645325039015,"Summer",1
"2020-08-27 09:00:00","Rock-Small",44.1866666666667,47.9824800323458,35.1783072073243,781.81,0.110456860145192,"Summer",1
"2020-08-27 10:00:00","Rock-Medium",48.665,52.6233902169007,36.5438458861759,900.673333333333,0.809183697766535,"Summer",1
"2020-08-27 11:00:00","Rock-Large",51.055,55.4591652093926,37.4544821299543,955.366666666667,1.1742182964356,"Summer",1
"2020-08-27 12:00:00","Rock-Large",51.1016666666667,56.1484589076169,38.3773486407583,929.496666666667,1.50439378545645,"Summer",1
"2020-08-27 13:00:00","Rock-Large",51.6566666666667,56.5430021522067,39.2953988438974,849.518333333333,2.03530896951708,"Summer",1
"2020-08-27 14:00:00","burrow",50.31,54.453269171662,40.2152726339153,706.556666666667,NA,"Summer",1
"2020-08-27 15:00:00","burrow",46.7016666666667,50.7120930750445,40.8294762056681,516.615,NA,"Summer",1
"2020-08-27 16:00:00","burrow",43.1283333333333,45.9293373445684,41.3346042215837,295.42,NA,"Summer",1
"2020-08-27 17:00:00","burrow",38.3616666666667,40.2796388267587,41.1912515673122,105.505,NA,"Summer",1
"2020-08-28 06:00:00","burrow",28.745,29.447656019759,31.381579374977,166.805,NA,"Summer",1
"2020-08-28 07:00:00","open",35.1883333333333,35.9805236545635,32.1690243838887,387.235,0.68052365456348,"Summer",1
"2020-08-28 08:00:00","Rock-Large",38.8916666666667,41.3646463790816,33.3804010247638,592.781666666667,0.886444065069874,"Summer",1
"2020-08-28 09:00:00","Rock-Small",42.5966666666667,46.2636142464139,34.1282151803896,769.686666666667,0.930167362643196,"Summer",1
"2020-08-28 10:00:00","Rock-Large",46.9066666666667,50.7275030106027,35.287344914134,900.053333333333,0.491452083587447,"Summer",1
"2020-08-28 11:00:00","Rock-Large",49.3966666666667,53.9612720472138,36.3451970531057,952.01,0.0536817229700048,"Summer",1
"2020-08-28 12:00:00","Rock-Large",49.965,55.0220396695533,37.4434546012023,939.345,0.813577403135923,"Summer",1
"2020-08-28 13:00:00","Rock-Large",50.485,55.25806349041,38.5287400279451,851.446666666667,1.55225682375535,"Summer",1
"2020-08-28 14:00:00","Rock-Large",47.58,52.4223156562608,39.49917942298,699.621666666667,1.9441665432335,"Summer",1
"2020-08-28 15:00:00","burrow",44.7633333333333,48.7228204627189,40.3006382090687,511.33,NA,"Summer",1
"2020-08-28 16:00:00","burrow",41.3233333333333,44.2799055970254,40.708080942642,295.833333333333,NA,"Summer",1
"2020-08-28 17:00:00","burrow",38.4616666666667,40.2653001348538,40.8221392130387,95.3516666666667,NA,"Summer",1
"2020-08-29 06:00:00","Rock-Medium",30.655,31.360375869965,32.9693958038975,144.006666666667,2.00776150024926,"Summer",1
"2020-08-29 07:00:00","open",35.4016666666667,36.621433581125,33.457025931075,359.523333333333,1.32143358112501,"Summer",1
"2020-08-29 08:00:00","Rock-Large",39.12,41.5972700244678,34.2404077938635,564.588333333333,0.576580512361218,"Summer",1
"2020-08-29 09:00:00","Rock-Small",42.0716666666667,46.0343252016809,35.1112454896045,752.648333333333,0.210212553187553,"Summer",1
"2020-08-29 10:00:00","Rock-Medium",45.3533333333333,49.6245869600055,36.2463403685763,871.138333333333,0.439089841659673,"Summer",1
"2020-08-29 11:00:00","Rock-Large",49.0816666666667,53.5625281589138,37.3773419077205,913.926666666667,1.0650596833255,"Summer",1
"2020-08-29 12:00:00","Rock-Large",51.6216666666667,56.1057286286714,38.7718461081764,886.53,2.32773309492183,"Summer",1
"2020-08-29 13:00:00","burrow",52.3366666666667,56.8234544456477,39.8984874764946,806.63,NA,"Summer",1
"2020-08-29 14:00:00","burrow",50.9633333333333,55.3191292210458,41.0851564814214,663.455,NA,"Summer",1
"2020-08-29 15:00:00","burrow",49.7033333333333,53.2175005360621,42.2000772036569,478.048333333333,NA,"Summer",1
"2020-08-29 16:00:00","burrow",45.5083333333333,48.5890730758596,43.2141872325945,272.973333333333,NA,"Summer",1
"2020-08-29 17:00:00","burrow",41.03,43.1096536299893,43.4253118140038,87.3133333333333,NA,"Summer",1
"2020-08-30 06:00:00","Rock-Medium",33.08,33.7926599284502,35.0945881182809,125.306666666667,0.00168346558743337,"Summer",1
"2020-08-30 07:00:00","Rock-Large",37.0916666666667,38.3801715810419,35.0989004792927,333.82,0.127318054524821,"Summer",1
"2020-08-30 08:00:00","Rock-Small",40.9783333333333,43.2192694715016,35.7778060333251,538.406666666667,0.391881098116052,"Summer",1
"2020-08-30 09:00:00","Rock-Large",43.8833333333333,47.6961670440648,36.6984388603709,718.866666666667,1.23786710160186,"Summer",1
"2020-08-30 10:00:00","Rock-Large",48.0333333333333,51.8042814405035,37.6454381641971,839.005,1.66688019638083,"Summer",1
"2020-08-30 11:00:00","burrow",53.6566666666667,57.2275860223634,38.8343838109218,881.795,NA,"Summer",1
"2020-08-30 12:00:00","burrow",55.8583333333333,60.1760654744891,40.0269044650034,866.933333333333,NA,"Summer",1
"2020-08-30 13:00:00","burrow",52.92,57.8436185911441,41.5496262624557,790.105,NA,"Summer",1
"2020-08-30 14:00:00","burrow",51.1233333333333,55.4793115914285,42.7982478168651,658.67,NA,"Summer",1
"2020-08-30 15:00:00","burrow",47.7966666666667,51.5613279768911,43.3944764427722,469.716666666667,NA,"Summer",1
"2020-08-30 16:00:00","burrow",44.54,47.4643324855018,43.8391698279743,263.421666666667,NA,"Summer",1
"2020-08-30 17:00:00","burrow",42.2783333333333,43.9294893363617,43.5693295676715,80.6116666666667,NA,"Summer",1
"2020-08-31 06:00:00","Rock-Small",33.4466666666667,34.2692467431055,34.8395811453138,121.075,0.214741029806298,"Summer",1
"2020-08-31 07:00:00","Rock-Small",37.045,38.3402752864734,34.9925492169877,323.473333333333,0.152137150667372,"Summer",1
"2020-08-31 08:00:00","Rock-Small",40.8466666666667,43.2009253536364,35.8893578418343,527.683333333333,0.487858644304751,"Summer",1
"2020-08-31 09:00:00","Rock-Large",44.4416666666667,47.9469829719272,36.8270274589118,708.61,1.24345379029285,"Summer",1
"2020-08-31 10:00:00","Rock-Large",49.3133333333333,53.0576879757412,37.9784465785156,829.126666666667,2.1422140646017,"Summer",1
"2020-08-31 11:00:00","burrow",53.5616666666667,57.5022169550817,39.0766466245066,887.891666666667,NA,"Summer",1
"2020-08-31 12:00:00","burrow",55.6816666666667,60.1510309623828,40.3710281577895,872.751666666667,NA,"Summer",1
"2020-08-31 13:00:00","burrow",55.1216666666667,59.6264142829249,41.4558338385369,784.963333333333,NA,"Summer",1
"2020-08-31 14:00:00","burrow",53.2366666666667,57.5239098832175,42.6876941585731,630.835,NA,"Summer",1
"2020-08-31 15:00:00","burrow",49.055,53.0231765331922,43.6718141590742,437.12,NA,"Summer",1
"2020-08-31 16:00:00","burrow",45.5183333333333,48.1888703342771,44.289183681671,228.963333333333,NA,"Summer",1
"2020-08-31 17:00:00","burrow",42.4733333333333,44.1610819903423,43.8926278717714,69.8033333333333,NA,"Summer",1
"2020-09-01 06:00:00","Rock-Medium",33.3333333333333,34.1294711727793,35.0567074641391,120.745,0.037410719507335,"Summer",1
"2020-09-01 07:00:00","Rock-Large",38.675,39.3505844305738,35.2322111392747,319.723333333333,0.00914208750222656,"Summer",1
"2020-09-01 08:00:00","Rock-Small",43.285,45.057454801321,36.4539650071861,517.896666666667,0.466179735011806,"Summer",1
"2020-09-01 09:00:00","Rock-Small",47.685,50.6349171269624,37.6836434100266,701.4,2.25954448876305,"Summer",1
"2020-09-01 10:00:00","burrow",50.7466666666667,54.2807978319348,38.5419450219232,772.565,NA,"Summer",1
"2020-09-01 11:00:00","burrow",52.845,56.7785353210476,39.6694757228241,858.703333333333,NA,"Summer",1
"2020-09-01 12:00:00","burrow",53.4066666666667,57.795219181992,40.7752871245513,871.19,NA,"Summer",1
"2020-09-01 13:00:00","burrow",53.855,58.2232366467886,41.5956886809715,773.22,NA,"Summer",1
"2020-09-01 14:00:00","burrow",52.3733333333333,56.5542291695072,42.7203649090155,629.161666666667,NA,"Summer",1
"2020-09-01 15:00:00","burrow",49.7633333333333,53.1515309416471,43.4571293820937,444.9,NA,"Summer",1
"2020-09-01 16:00:00","burrow",44.5866666666667,47.28505778305,43.7665579278529,236.075,NA,"Summer",1
"2020-09-01 17:00:00","burrow",40.9166666666667,42.5570956453318,42.8914196621822,64.9383333333333,NA,"Summer",1
"2020-09-02 06:00:00","Rock-Medium",31.9066666666667,32.4935199721274,34.7706656648397,136.368333333333,0.232996073815393,"Summer",1
"2020-09-02 07:00:00","Rock-Medium",36.5566666666667,37.6896274910164,34.7397299465741,344.503333333333,0.468472328371263,"Summer",1
"2020-09-02 08:00:00","Rock-Small",40.85,42.8613086439322,35.73106360995,545.373333333333,0.00124671057947268,"Summer",1
"2020-09-02 09:00:00","Rock-Medium",43.9716666666667,47.5265533959326,36.54639728072,729.836666666667,0.890775964635004,"Summer",1
"2020-09-02 10:00:00","Rock-Large",48.6966666666667,52.3146619151157,37.4612114844834,848.57,1.6146322557866,"Summer",1
"2020-09-02 11:00:00","Rock-Large",52.86,56.740282613273,38.3582487293401,895.2,2.0547459485504,"Summer",1
"2020-09-02 12:00:00","burrow",55.1833333333333,59.4535215052057,39.6457611293961,877.903333333333,NA,"Summer",1
"2020-09-02 13:00:00","burrow",53.3066666666667,58.1102769689252,40.8466197567106,798.146666666667,NA,"Summer",1
"2020-09-02 14:00:00","burrow",50.9966666666667,54.9125563731211,41.9613210971675,654.023333333333,NA,"Summer",1
"2020-09-02 15:00:00","burrow",47.3283333333333,51.2142065555743,42.481693388165,465.515,NA,"Summer",1
"2020-09-02 16:00:00","burrow",43.3233333333333,46.2190482565958,42.9653355380829,255.686666666667,NA,"Summer",1
"2020-09-02 17:00:00","burrow",40.5333333333333,42.0685953894586,42.8816395319233,71.6033333333333,NA,"Summer",1
"2020-09-03 06:00:00","Rock-Medium",31.99,32.5306683841151,34.1858814138229,139.083333333333,0.881548721581694,"Summer",1
"2020-09-03 07:00:00","Rock-Large",36.65,37.6603360628822,34.0821768724295,343.118333333333,1.10658089672147,"Summer",1
"2020-09-03 08:00:00","Rock-Medium",39.1783333333333,41.508421370127,35.3655355640408,530.771666666667,0.0424884602086308,"Summer",1
"2020-09-03 09:00:00","Rock-Large",41.2883333333333,44.8421242393961,36.0900179738284,725.096666666667,0.481238958010351,"Summer",1
"2020-09-03 10:00:00","Rock-Large",45.1766666666667,49.3712506160535,36.9713257092474,841.58,1.1304166196545,"Summer",1
"2020-09-03 11:00:00","Rock-Large",49.9333333333333,54.0839482441588,38.2250798876856,894.64,2.02561605953685,"Summer",1
"2020-09-03 12:00:00","burrow",53.7233333333333,57.7356346431055,39.3012591481192,863.166666666667,NA,"Summer",1
"2020-09-03 13:00:00","burrow",52.6616666666667,57.1544604578055,40.2936875792159,778.393333333333,NA,"Summer",1
"2020-09-03 14:00:00","burrow",51.8466666666667,55.8780024869822,41.7284457656337,599.033333333333,NA,"Summer",1
"2020-09-03 15:00:00","burrow",48.6266666666667,52.3807751184048,42.6287797205066,427.695,NA,"Summer",1
"2020-09-03 16:00:00","burrow",44.6083333333333,47.469717543459,43.3273817368487,231.841666666667,NA,"Summer",1
"2020-09-03 17:00:00","burrow",41.0033333333333,42.8425959803156,43.2734641175326,73.8166666666667,NA,"Summer",1
"2020-09-04 06:00:00","Rock-Small",33.2816666666667,34.0677009719666,36.0347864274501,107.41,0.288928646331854,"Summer",1
"2020-09-04 07:00:00","Rock-Small",37.33,38.5363001232795,36.2022762324624,314.971666666667,0.495553305411505,"Summer",1
"2020-09-04 08:00:00","Rock-Small",41.5883333333333,43.7440949909286,36.9665084236451,526.966666666667,1.05452595510335,"Summer",1
"2020-09-04 09:00:00","Rock-Large",45.4066666666667,48.945641559423,37.6657146736007,705.245,2.27414041295258,"Summer",1
"2020-09-04 10:00:00","burrow",49.5916666666667,53.4144812912417,38.870811025078,830.741666666667,NA,"Summer",1
"2020-09-04 11:00:00","burrow",53.4316666666667,57.633434040249,39.8589218638915,889.893333333333,NA,"Summer",1
"2020-09-04 12:00:00","burrow",56.37,60.6355102092785,41.1625371668323,874.373333333333,NA,"Summer",1
"2020-09-04 13:00:00","burrow",55.0216666666667,59.815635439785,42.5274196064429,788.843333333333,NA,"Summer",1
"2020-09-04 14:00:00","burrow",52.755,57.244343264558,43.6035015191153,641.39,NA,"Summer",1
"2020-09-04 15:00:00","burrow",49.4733333333333,53.4169081329856,44.6016591771667,456.156666666667,NA,"Summer",1
"2020-09-04 16:00:00","burrow",44.9116666666667,47.9728462054115,45.1704964551151,246.025,NA,"Summer",1
"2020-09-04 17:00:00","burrow",41.135,43.0816604272673,45.0105132160272,70.7433333333333,NA,"Summer",1
"2020-09-05 06:00:00","Rock-Small",33.1083333333333,33.6227630497474,37.0377552758873,115.921666666667,0.826727802046832,"Summer",1
"2020-09-05 07:00:00","Rock-Small",36.66,37.8221274720989,36.4906709691084,320.173333333333,0.706888050712152,"Summer",1
"2020-09-05 08:00:00","Rock-Small",40.67,42.7509253272676,36.9107150230207,515.35,1.24297194234116,"Summer",1
"2020-09-05 09:00:00","Rock-Medium",43.975,47.5411803053438,37.7511582666086,704.186666666667,2.39836220792704,"Summer",1
"2020-09-05 10:00:00","burrow",49.235,52.6448131803856,38.8338471582091,826.796666666667,NA,"Summer",1
"2020-09-05 11:00:00","burrow",54.1216666666667,58.0341298451288,40.1125856586338,875.463333333333,NA,"Summer",1
"2020-09-05 12:00:00","burrow",55.9216666666667,59.8621756286606,41.2982397920081,855.68,NA,"Summer",1
"2020-09-05 13:00:00","burrow",55.4233333333333,60.0247969726588,42.4658641485221,767.161666666667,NA,"Summer",1
"2020-09-05 14:00:00","burrow",53.6166666666667,57.9413803898051,43.6168645119595,627.796666666667,NA,"Summer",1
"2020-09-05 15:00:00","burrow",49.73,53.3914836518747,44.6793855687779,432.878333333333,NA,"Summer",1
"2020-09-05 16:00:00","burrow",44.1716666666667,47.2951999824099,44.8585032019548,232.795,NA,"Summer",1
"2020-09-05 17:00:00","burrow",40.5916666666667,42.2218202499888,44.3774358621051,65.3083333333333,NA,"Summer",1
"2020-09-06 06:00:00","Rock-Small",32.4833333333333,33.0592668041977,35.6655432247688,118.443333333333,0.576752068763199,"Summer",1
"2020-09-06 07:00:00","Rock-Large",36.5816666666667,37.73322845251,35.4255066648507,323.88,0.400342564176249,"Summer",1
"2020-09-06 08:00:00","Rock-Small",40.7183333333333,42.9146660809027,36.0438903693929,533.643333333333,0.118668172340278,"Summer",1
"2020-09-06 09:00:00","Rock-Large",44.0016666666667,47.5636591774628,36.7502829577707,714.515,1.31978062751305,"Summer",1
"2020-09-06 10:00:00","Rock-Large",47.6233333333333,51.5926114351976,37.7290038705649,836.663333333333,1.8655099310223,"Summer",1
"2020-09-06 11:00:00","Rock-Large",51.445,55.5543781860181,38.6454627767424,889.05,2.39965386467238,"Summer",1
"2020-09-06 12:00:00","burrow",54.1616666666667,58.3094723062642,39.9168649449167,866.206666666667,NA,"Summer",1
"2020-09-06 13:00:00","burrow",52.1283333333333,57.0460541878285,40.9203710056607,782.391666666667,NA,"Summer",1
"2020-09-06 14:00:00","burrow",49.48,53.7594015254369,42.1838980710936,637.358333333333,NA,"Summer",1
"2020-09-06 15:00:00","burrow",46.5866666666667,50.1982459315842,42.9392331393851,449.023333333333,NA,"Summer",1
"2020-09-06 16:00:00","burrow",43.545,46.0656047881287,43.2803252031659,236.458333333333,NA,"Summer",1
"2020-09-06 17:00:00","burrow",40.9883333333333,42.4974389296385,43.2264886162786,60.635,NA,"Summer",1
"2020-09-07 06:00:00","Rock-Medium",31.75,32.4315248798884,34.6350475306602,116.863333333333,0.291755684718765,"Summer",1
"2020-09-07 07:00:00","Rock-Large",36.9,37.7353672383223,34.8516351051199,317.301666666667,0.187286120729624,"Summer",1
"2020-09-07 08:00:00","Rock-Small",39.9333333333333,42.3791711019811,36.1513049060082,521.888333333333,0.136288258303445,"Summer",1
"2020-09-07 09:00:00","Rock-Large",43.805,46.9995158491097,36.490976041906,700.203333333333,1.07062779240268,"Summer",1
"2020-09-07 10:00:00","Rock-Large",48.725,52.0816255031908,37.2689262973002,818.608333333333,1.2802999122801,"Summer",1
"2020-09-07 11:00:00","Rock-Large",51.4883333333333,55.6389171399083,38.2750036577747,869.653333333333,2.129705168739,"Summer",1
"2020-09-07 12:00:00","burrow",53.6383333333333,57.8969548524863,39.7055356530475,840.68,NA,"Summer",1
"2020-09-07 13:00:00","burrow",53.7833333333333,58.1471201305538,40.9595036545395,756.42,NA,"Summer",1
"2020-09-07 14:00:00","burrow",51.9583333333333,55.8913686549576,42.0400363698564,612.931666666667,NA,"Summer",1
"2020-09-07 15:00:00","burrow",48.685,52.1338783516668,42.937672397855,427.366666666667,NA,"Summer",1
"2020-09-07 16:00:00","burrow",44.145,46.935526677891,43.564387563095,218.78,NA,"Summer",1
"2020-09-07 17:00:00","burrow",41.0266666666667,42.5253434117379,43.4633708206214,58.1183333333333,NA,"Summer",1
"2020-09-08 06:00:00","Rock-Medium",32.7816666666667,33.5349864684877,34.668186847415,103.761666666667,0.541753839160961,"Summer",1
"2020-09-08 07:00:00","Rock-Small",36.2466666666667,37.4182215663479,34.5414033117142,295.66,0.526003079762148,"Summer",1
"2020-09-08 08:00:00","Rock-Small",40.5366666666667,42.4243949389831,35.5650799568148,498.588333333333,0.113130532945775,"Summer",1
"2020-09-08 09:00:00","Rock-Large",45.7416666666667,48.4233314911757,36.4989376768795,670.576666666667,0.893397181898379,"Summer",1
"2020-09-08 10:00:00","Rock-Medium",49.4666666666667,52.871650128989,37.6179292529565,790.208333333333,1.74805236783387,"Summer",1
"2020-09-08 11:00:00","Rock-Large",51.7633333333333,55.8789134659078,38.7999052682955,838.998333333333,2.3693318828285,"Summer",1
"2020-09-08 12:00:00","burrow",54.38,58.2217599790799,39.8775130916035,814.863333333333,NA,"Summer",1
"2020-09-08 13:00:00","burrow",53.6683333333333,58.0646019188999,40.8252549121251,731.015,NA,"Summer",1
"2020-09-08 14:00:00","burrow",50.72,55.1947091463183,41.9854506004159,593.13,NA,"Summer",1
"2020-09-08 15:00:00","burrow",47.645,51.147971903613,42.7191994188638,409.801666666667,NA,"Summer",1
"2020-09-08 16:00:00","burrow",43.7716666666667,46.465315032958,42.8598060282433,211.068333333333,NA,"Summer",1
"2020-09-08 17:00:00","burrow",40.63,42.2942610623581,42.7341068162468,51.2866666666667,NA,"Summer",1
"2020-09-09 06:00:00","Rock-Small",33.2133333333333,33.7968783603782,34.1776327609869,92.81,0.696650802345147,"Summer",1
"2020-09-09 07:00:00","Rock-Large",36.395,37.6109577856292,35.2680057902153,273.625,0.0880289426271759,"Summer",1
"2020-09-09 08:00:00","Rock-Small",40.0233333333333,41.9321559777417,35.6767150930141,470.943333333333,0.240209047939253,"Summer",1
"2020-09-09 09:00:00","Rock-Large",43.145,46.3087513809476,36.5145371114012,641.87,0.992937318234752,"Summer",1
"2020-09-09 10:00:00","Rock-Large",47.7783333333333,50.958413611127,37.388481228244,767.881666666667,1.51603129586715,"Summer",1
"2020-09-09 11:00:00","Rock-Large",50.1483333333333,54.3980570804731,38.406796727446,821.186666666667,2.16688783428437,"Summer",1
"2020-09-09 12:00:00","burrow",51.2216666666667,55.8767242650626,39.5778264336234,810.388333333333,NA,"Summer",1
"2020-09-09 13:00:00","burrow",50.9583333333333,55.6138943281181,40.6741219232446,737.436666666667,NA,"Summer",1
"2020-09-09 14:00:00","burrow",48.2166666666667,52.34955970765,41.4347500068084,554.663333333333,NA,"Summer",1
"2020-09-09 15:00:00","burrow",46.2916666666667,48.3730050023765,42.0628912002453,334.985,NA,"Summer",1
"2020-09-09 16:00:00","burrow",43.0766666666667,45.1813409606714,42.228471712237,208.551666666667,NA,"Summer",1
"2020-09-09 17:00:00","burrow",40.0133333333333,41.5131217842616,42.3237211532648,53.9283333333333,NA,"Summer",1
"2020-09-10 06:00:00","Rock-Medium",33.095,33.760979745481,34.8207831295236,99.59,0.361698031983799,"Summer",1
"2020-09-10 07:00:00","Rock-Small",36.2433333333333,37.5162814691317,34.5506992001273,292.575,0.515790539384319,"Summer",1
"2020-09-10 08:00:00","Rock-Small",41.0533333333333,42.7651932532691,35.5898918140131,489.426666666667,0.140062671170952,"Summer",1
"2020-09-10 09:00:00","Rock-Large",46.03,48.8507874672519,36.5144092851488,666.685,0.920591684888002,"Summer",1
"2020-09-10 10:00:00","Rock-Large",49.5616666666667,52.9746837709339,37.6876381848112,787.263333333333,1.8562828988465,"Summer",1
"2020-09-10 11:00:00","burrow",50.9183333333333,54.8722747866362,39.0011032726965,740.223333333333,NA,"Summer",1
"2020-09-10 12:00:00","burrow",54.3216666666667,58.4122717442718,40.042303527568,806.77,NA,"Summer",1
"2020-09-10 13:00:00","burrow",53.6433333333333,57.9611312517456,41.2666481397301,725.151666666667,NA,"Summer",1
"2020-09-10 14:00:00","burrow",50.68,54.972034293082,42.3126998646871,580.721666666667,NA,"Summer",1
"2020-09-10 15:00:00","burrow",47.2983333333333,50.9235218503647,43.0900466262581,402.593333333333,NA,"Summer",1
"2020-09-10 16:00:00","burrow",44.0433333333333,46.5593552492291,43.4003142065884,202.751666666667,NA,"Summer",1
"2020-09-10 17:00:00","burrow",39.6233333333333,41.7825298171214,42.9257961376872,46.7333333333333,NA,"Summer",1
"2020-09-11 06:00:00","open",34.525,35.1250107248586,36.8348487168116,97.095,0.174989275141407,"Summer",1
"2020-09-11 07:00:00","Rock-Small",37.3916666666667,38.7198326113036,36.6000071406147,281.955,0.713940061907479,"Summer",1
"2020-09-11 08:00:00","Rock-Small",42.4883333333333,44.0242195157737,36.8087474290017,480.63,1.37404889788363,"Summer",1
"2020-09-11 09:00:00","Rock-Large",46.9383333333333,49.9128262794861,37.7650140204465,660.248333333333,2.37287657954348,"Summer",1
"2020-09-11 10:00:00","burrow",50.8116666666667,54.4047301430473,38.8961866873769,783.016666666667,NA,"Summer",1
"2020-09-11 11:00:00","burrow",54.8116666666667,58.5544833805033,40.1396959534723,827.536666666667,NA,"Summer",1
"2020-09-11 12:00:00","burrow",54.7483333333333,59.4687703088405,41.2563903245782,808.958333333333,NA,"Summer",1
"2020-09-11 13:00:00","burrow",54.2183333333333,58.5116277639625,42.4879097349177,723.77,NA,"Summer",1
"2020-09-11 14:00:00","burrow",51.3683333333333,55.6609450424442,43.3590077816449,574.646666666667,NA,"Summer",1
"2020-09-11 15:00:00","burrow",48.2416666666667,51.8644171270319,43.8901227875814,397.371666666667,NA,"Summer",1
"2020-09-11 16:00:00","burrow",43.7,46.4951595801403,43.8777238891495,205.133333333333,NA,"Summer",1
"2020-09-11 17:00:00","burrow",40.255,41.9270951403901,43.4368259733648,46.2366666666667,NA,"Summer",1
"2020-09-12 06:00:00","Rock-Small",33.195,33.6203238345033,36.0920963050516,105.141666666667,0.0996854844209025,"Summer",1
"2020-09-12 07:00:00","Rock-Small",36.2633333333333,37.5426854833868,36.1537512620355,301.668333333333,0.0268830829076734,"Summer",1
"2020-09-12 08:00:00","Rock-Small",41.6033333333333,43.0707944709717,36.2278960271827,498.945,0.6483298975228,"Summer",1
"2020-09-12 09:00:00","Rock-Large",46.6383333333333,49.1919857225122,37.270835030467,674.971666666667,1.91216132396945,"Summer",1
"2020-09-12 10:00:00","burrow",50.6766666666667,54.0736061359396,38.521823180877,795.895,NA,"Summer",1
"2020-09-12 11:00:00","burrow",52.0016666666667,56.1126837188038,39.796776446455,850.155,NA,"Summer",1
"2020-09-12 12:00:00","burrow",54.3883333333333,58.152830876806,40.9166810734244,826.388333333333,NA,"Summer",1
"2020-09-12 13:00:00","burrow",54.0516666666667,58.2408700490914,41.9295017061034,736.091666666667,NA,"Summer",1
"2020-09-12 14:00:00","burrow",50.3983333333333,54.5457458103137,42.9234286193368,595.336666666667,NA,"Summer",1
"2020-09-12 15:00:00","burrow",46.7783333333333,50.1287366207263,43.7336332135342,415.37,NA,"Summer",1
"2020-09-12 16:00:00","burrow",43.26,45.5571862216928,43.8643512868285,208.635,NA,"Summer",1
"2020-09-12 17:00:00","burrow",40.1816666666667,41.5514329828154,43.3685717592042,43.6666666666667,NA,"Summer",1
"2020-09-13 06:00:00","Rock-Large",31.4816666666667,31.867986169959,34.0782310465274,125.718333333333,0.948548798200825,"Summer",1
"2020-09-13 07:00:00","open",34.875,36.3604186596674,34.0112384437278,336.926666666667,1.0604186596674,"Summer",1
"2020-09-13 08:00:00","Rock-Large",39.9166666666667,41.7236649892664,34.9180793217608,552.293333333333,0.160546542229753,"Summer",1
"2020-09-13 09:00:00","Rock-Medium",44.4433333333333,47.4088796270777,35.8391475561747,712.398333333333,0.412858138757841,"Summer",1
"2020-09-13 10:00:00","Rock-Large",48.3683333333333,52.0535196483603,36.9024631071951,828.026666666667,1.01810271268093,"Summer",1
"2020-09-13 11:00:00","Rock-Large",51.6666666666667,55.6941528729509,37.9676635299213,861.733333333333,1.77789036163205,"Summer",1
"2020-09-13 12:00:00","Rock-Large",52.5233333333333,57.0274098185178,39.1012413663494,839.605,2.3473295303161,"Summer",1
"2020-09-13 13:00:00","burrow",50.735,55.5031817678326,40.1787580967072,749.421666666667,NA,"Summer",1
"2020-09-13 14:00:00","burrow",49.1166666666667,52.7373864313645,41.2204817275801,604.718333333333,NA,"Summer",1
"2020-09-13 15:00:00","burrow",45.035,48.6351305403973,41.7014962465801,412.546666666667,NA,"Summer",1
"2020-09-13 16:00:00","burrow",42.0616666666667,44.3455393648567,42.1644089306034,206.225,NA,"Summer",1
"2020-09-13 17:00:00","burrow",38.8533333333333,40.3187540166701,41.8985169294796,43.6833333333333,NA,"Summer",1
"2020-09-14 06:00:00","Rock-Large",30.7033333333333,30.9923665949139,32.9288134873517,112.893333333333,2.05536479620005,"Summer",1
"2020-09-14 07:00:00","open",34.7133333333333,35.8743598974434,33.0418335770124,321.081666666667,0.574359897443365,"Summer",1
"2020-09-14 08:00:00","Rock-Large",40.4816666666667,41.9643910027532,33.907919300737,536.93,0.806789674792697,"Summer",1
"2020-09-14 09:00:00","Rock-Large",44.39,47.4235840057177,35.0152332751535,701.531666666667,0.160240447902744,"Summer",1
"2020-09-14 10:00:00","Rock-Large",48.2933333333333,51.7672698248505,36.0541100910737,821.963333333333,0.2509893225822,"Summer",1
"2020-09-14 11:00:00","Rock-Large",51.3483333333333,55.4946205466612,37.0689214247851,865.691666666667,0.724594073567403,"Summer",1
"2020-09-14 12:00:00","Rock-Large",50.22,55.2015354168133,38.4308794693941,844.911666666667,1.58781979817373,"Summer",1
"2020-09-14 13:00:00","Rock-Large",49.4416666666667,53.9719287871387,39.4946478848891,751.126666666667,2.32610064282028,"Summer",1
"2020-09-14 14:00:00","burrow",46.7933333333333,51.2458464085272,40.5489911271424,600.541666666667,NA,"Summer",1
"2020-09-14 15:00:00","burrow",44.2366666666667,47.5411606962907,41.2214792958912,408.483333333333,NA,"Summer",1
"2020-09-14 16:00:00","burrow",41.135,43.4945020538345,41.17217467881,202.595,NA,"Summer",1
"2020-09-14 17:00:00","burrow",38.39,39.70674992088,41.2671184036889,40.0666666666667,NA,"Summer",1
"2020-09-15 06:00:00","Rock-Medium",30.8916666666667,31.281284787877,32.9465792812251,99.5833333333333,2.20909097964793,"Summer",1
"2020-09-15 07:00:00","open",34.65,35.7064316330571,33.317397493613,295.195,0.406431633057103,"Summer",1
"2020-09-15 08:00:00","Rock-Large",39.6016666666667,41.1835224091342,34.1622823645798,501.281666666667,0.578676316296871,"Summer",1
"2020-09-15 09:00:00","Rock-Small",44.1933333333333,46.9417895626849,35.1504428414666,661.611666666667,0.0351069042321512,"Summer",1
"2020-09-15 10:00:00","Rock-Large",48.7466666666667,51.9978696136655,36.0285135220791,779.66,0.0739630007407257,"Summer",1
"2020-09-15 11:00:00","Rock-Large",49.3166666666667,53.6416416025207,37.1669273106016,828.411666666667,0.998161684660175,"Summer",1
"2020-09-15 12:00:00","Rock-Large",49.9033333333333,54.336763032795,38.22764893133,810.605,1.41868823080846,"Summer",1
"2020-09-15 13:00:00","Rock-Large",50.4816666666667,54.4515146631078,39.2198345414162,715.133333333333,2.11085481194385,"Summer",1
"2020-09-15 14:00:00","burrow",48.2933333333333,52.323665547323,40.081875570344,572.691666666667,NA,"Summer",1
"2020-09-15 15:00:00","burrow",45.4366666666667,48.6042924025363,41.0517271599931,383.968333333333,NA,"Summer",1
"2020-09-15 16:00:00","burrow",41.78,44.2394947856489,41.2768510706346,190.728333333333,NA,"Summer",1
"2020-09-15 17:00:00","burrow",38.4633333333333,39.9501435494406,41.386835086296,39.3816666666667,NA,"Summer",1
"2020-09-16 07:00:00","open",35.05,36.1907338946051,33.924969481769,275.873333333333,0.890733894605127,"Summer",1
"2020-09-16 08:00:00","Rock-Large",39.9433333333333,41.5785844856039,34.8848101320707,488.245,0.155056984402428,"Summer",1
"2020-09-16 09:00:00","Rock-Large",43.375,46.4090393472902,35.5212615174521,643.621666666667,0.00903105140062621,"Summer",1
"2020-09-16 10:00:00","Rock-Large",47.4416666666667,51.0645610990323,36.4594692013952,770.203333333333,0.623401811494027,"Summer",1
"2020-09-16 11:00:00","Rock-Large",49.8416666666667,53.895163690739,37.4574066721244,818.595,1.26109667394725,"Summer",1
"2020-09-16 12:00:00","Rock-Large",52.0166666666667,55.9067272245178,38.5996671393902,784.146666666667,1.7988667413788,"Summer",1
"2020-09-16 13:00:00","Rock-Large",51.6133333333333,55.6566817542416,39.705743182454,695.396666666667,2.36203673670245,"Summer",1
"2020-09-16 14:00:00","burrow",48.8833333333333,52.7533610051551,40.4875548561919,557.586666666667,NA,"Summer",1
"2020-09-16 15:00:00","burrow",45.1033333333333,48.628435166821,41.1710047384026,379.968333333333,NA,"Summer",1
"2020-09-16 16:00:00","burrow",41.685,44.0634992540283,41.6244664871915,181.838333333333,NA,"Summer",1
"2020-09-16 17:00:00","burrow",38.27,39.6618276548991,41.3171745242094,35.7816666666667,NA,"Summer",1
"2020-09-17 07:00:00","Rock-Medium",35.655,36.3251143775108,34.2295646390059,267.938333333333,0.799180631593799,"Summer",1
"2020-09-17 08:00:00","Rock-Medium",41.7416666666667,43.0160143043511,35.2635635003921,478.301666666667,0.228406761049705,"Summer",1
"2020-09-17 09:00:00","Rock-Small",45.2383333333333,48.5414196793173,35.9393753636718,655.263333333333,0.525315992648004,"Summer",1
"2020-09-17 10:00:00","Rock-Large",48.165,51.9633349726077,37.0404937468224,772.621666666667,1.26586222709003,"Summer",1
"2020-09-17 11:00:00","Rock-Large",49.49,53.8092526365903,37.9973154741426,829.935,1.71403870536335,"Summer",1
"2020-09-17 12:00:00","Rock-Large",51.12,55.3179040373335,39.0368045421797,796.745,2.26121348212153,"Summer",1
"2020-09-17 13:00:00","burrow",51.3,55.2804632928816,39.8628833541247,707.768333333333,NA,"Summer",1
"2020-09-17 14:00:00","burrow",48.8733333333333,53.0106514366591,40.7681041160881,562.813333333333,NA,"Summer",1
"2020-09-17 15:00:00","burrow",46.3033333333333,49.2520348380799,41.6316088718362,373.318333333333,NA,"Summer",1
"2020-09-17 16:00:00","burrow",42.6416666666667,44.8151981398412,42.2634125866416,177.375,NA,"Summer",1
"2020-09-17 17:00:00","burrow",38.8816666666667,40.2603498615701,41.895629199933,33.4833333333333,NA,"Summer",1
"2020-09-18 07:00:00","Rock-Large",35.14,35.6579352964282,34.4940775460147,326.428333333333,0.339512150529849,"Summer",1
"2020-09-18 08:00:00","Rock-Medium",41.5033333333333,42.7320641189161,35.1568943602353,507.621666666667,0.137564562293733,"Summer",1
"2020-09-18 09:00:00","Rock-Small",44.6066666666667,47.586556962537,36.161640799574,679.025,0.381467116581078,"Summer",1
"2020-09-18 10:00:00","Rock-Medium",47.5,51.2249672562675,37.1283597366918,813.323333333333,1.49882706906687,"Summer",1
"2020-09-18 11:00:00","Rock-Large",50.7433333333333,54.5702869919819,38.0308305695215,790.158333333333,1.8836487637965,"Summer",1
"2020-09-18 12:00:00","Rock-Large",51.73,55.7552495730634,39.1740165465227,807.591666666667,2.30336514425285,"Summer",1
"2020-09-18 13:00:00","burrow",52.1266666666667,55.9279759544796,40.2762974495393,714.1,NA,"Summer",1
"2020-09-18 14:00:00","burrow",48.355,52.2646681930829,41.2942176099505,477.341666666667,NA,"Summer",1
"2020-09-18 15:00:00","burrow",45.9283333333333,48.9987176141709,42.2982446406383,377.791666666667,NA,"Summer",1
"2020-09-18 16:00:00","burrow",42.2133333333333,44.5038198767926,42.8114500429994,163.4,NA,"Summer",1
"2020-09-18 17:00:00","burrow",38.685,40.1469041894758,42.2416635406294,32.67,NA,"Summer",1
"2020-09-19 07:00:00","open",34.9666666666667,35.7895332053254,33.9836561379096,302.758333333333,0.489533205325436,"Summer",1
"2020-09-19 08:00:00","Rock-Medium",42.595,43.3734394397193,34.9972787295593,498.046666666667,0.0360344463828,"Summer",1
"2020-09-19 09:00:00","Rock-Small",43.7333333333333,47.3452338681084,36.0268020734894,661.328333333333,0.418088169523251,"Summer",1
"2020-09-19 10:00:00","Rock-Large",47.015,50.6653978802067,37.3863475007497,790.233333333333,1.7923014226738,"Summer",1
"2020-09-19 11:00:00","Rock-Large",49.6066666666667,53.688192257127,38.1385097333289,836.758333333333,1.88482584085318,"Summer",1
"2020-09-19 12:00:00","Rock-Large",49.8716666666667,54.7628825389764,38.9103647481447,821.068333333333,2.31718426307636,"Summer",1
"2020-09-19 13:00:00","burrow",47.9333333333333,52.8338483156791,40.0744230384925,700.095,NA,"Summer",1
"2020-09-19 14:00:00","burrow",46.6633333333333,50.9672070081546,41.3667118991232,594.105,NA,"Summer",1
"2020-09-19 15:00:00","burrow",44.1416666666667,47.1168944645482,42.4853832643237,385.961666666667,NA,"Summer",1
"2020-09-19 16:00:00","burrow",40.8083333333333,43.0909931858549,42.8019640841655,158.813333333333,NA,"Summer",1
"2020-09-19 17:00:00","burrow",37.9866666666667,39.4235806404092,42.1817207628906,29.1166666666667,NA,"Summer",1
"2020-09-20 07:00:00","open",33.2416666666667,34.3283477236075,33.541548523304,226.595,0.971652276392447,"Summer",1
"2020-09-20 08:00:00","Rock-Medium",38.0183333333333,40.1299880756334,34.2458140715887,482.65,0.885399211488028,"Summer",1
"2020-09-20 09:00:00","Rock-Medium",42.785,45.7478876667528,35.4743400338491,675.306666666667,0.153571695830806,"Summer",1
"2020-09-20 10:00:00","Rock-Large",46.6633333333333,50.4090213563486,36.7102340975813,785.733333333333,1.0763263779949,"Summer",1
"2020-09-20 11:00:00","Rock-Large",49.4283333333333,53.4122158303264,37.9935029624288,832.991666666667,1.93327464667345,"Summer",1
"2020-09-20 12:00:00","burrow",51.0516666666667,55.2717240150366,39.1705526928461,806.315,NA,"Summer",1
"2020-09-20 13:00:00","burrow",50.7233333333333,54.9759698561934,40.2002703514751,712.378333333333,NA,"Summer",1
"2020-09-20 14:00:00","burrow",48.7433333333333,52.7855758224729,41.2436451680312,562.241666666667,NA,"Summer",1
"2020-09-20 15:00:00","burrow",46.2383333333333,49.2905931394442,42.1604347173112,369.955,NA,"Summer",1
"2020-09-20 16:00:00","burrow",42.715,44.9361253634769,42.6096906303215,169.361666666667,NA,"Summer",1
"2020-09-20 17:00:00","burrow",38.7133333333333,40.1518289040909,42.3372609224582,27.7366666666667,NA,"Summer",1
"2020-09-21 07:00:00","open",35.3116666666667,36.0694573691865,33.65845061852,283.815,0.76945736918649,"Summer",1
"2020-09-21 08:00:00","Rock-Medium",39.83,41.5825945579156,35.0942736619817,500.94,0.141775887714438,"Summer",1
"2020-09-21 09:00:00","Rock-Small",44.3633333333333,47.1093642397437,35.2163158560396,661.453333333333,0.0153907230648258,"Summer",1
"2020-09-21 10:00:00","Rock-Large",47.5283333333333,51.0483909314919,36.1537347907852,779.725,0.375676526107377,"Summer",1
"2020-09-21 11:00:00","Rock-Large",50.12,53.9806238768642,37.401696349029,822.438333333333,1.03775561271131,"Summer",1
"2020-09-21 12:00:00","Rock-Large",50.2083333333333,54.5298603841631,38.449417485933,800.19,1.72718701115675,"Summer",1
"2020-09-21 13:00:00","Rock-Large",50.295,54.1209812256944,39.5019262324484,703.613333333333,2.35832434170052,"Summer",1
"2020-09-21 14:00:00","burrow",49.0216666666667,52.5154677999908,40.4421030035344,548.123333333333,NA,"Summer",1
"2020-09-21 15:00:00","burrow",45.1716666666667,48.4144540589943,41.0455435377382,359.971666666667,NA,"Summer",1
"2020-09-21 16:00:00","burrow",41.3083333333333,43.5916425469695,41.3707147261707,166.736666666667,NA,"Summer",1
"2020-09-21 17:00:00","burrow",38.455,39.7174038969574,41.1505859622018,26.4733333333333,NA,"Summer",1
"2020-09-22 07:00:00","open",33.3416666666667,34.4507140972521,32.222153577564,303.883333333333,0.849285902747937,"Summer",1
"2020-09-22 08:00:00","Rock-Large",38.57,40.3667353194019,33.0001496870688,518.11,1.7890328774706,"Summer",1
"2020-09-22 09:00:00","Rock-Small",42.445,45.4143774520841,34.0370972596327,671.203333333333,1.03055912188335,"Summer",1
"2020-09-22 10:00:00","Rock-Medium",46.25,49.9217894634041,35.0510911278774,791.506666666667,0.56550371812876,"Summer",1
"2020-09-22 11:00:00","Rock-Large",49.815,53.6084738262199,36.1527943662867,832.258333333333,0.0733758088848973,"Summer",1
"2020-09-22 12:00:00","Rock-Large",50.1016666666667,54.5856570639619,37.2494960587148,796.065,0.363995224819504,"Summer",1
"2020-09-22 13:00:00","Rock-Large",48.02,52.5862247043071,38.3920966704644,708.73,0.981015356290577,"Summer",1
"2020-09-22 14:00:00","Rock-Large",46.3533333333333,50.1324621524403,39.3803111103827,555.265,1.91304427707217,"Summer",1
"2020-09-22 15:00:00","Rock-Large",43.5783333333333,46.9214430926826,40.064442133923,367.378333333333,2.31592056949978,"Summer",1
"2020-09-22 16:00:00","Rock-Large",39.8866666666667,42.1739604015596,40.133904280935,170.418333333333,2.32894930933875,"Summer",1
"2020-09-22 17:00:00","Rock-Large",36.9966666666667,38.265654582907,39.6930619313566,24.6,2.41867347922863,"Summer",1
"2020-09-23 07:00:00","open",33.935,34.9482435847021,32.3641791754248,298.001666666667,0.351756415297899,"Summer",1
"2020-09-23 08:00:00","Rock-Medium",39.67,41.1802076604391,33.6236737352282,510.846666666667,1.01003612360273,"Summer",1
"2020-09-23 09:00:00","Rock-Medium",43.525,46.2976104603768,34.3011090810314,656.028333333333,0.664816877697795,"Summer",1
"2020-09-23 10:00:00","Rock-Medium",48.8216666666667,51.6805964012784,35.1783573992118,771.976666666667,0.448138834823098,"Summer",1
"2020-09-23 11:00:00","Rock-Large",49.4766666666667,53.6966313344416,36.1605668882118,819.14,0.0410065488367692,"Summer",1
"2020-09-23 12:00:00","Rock-Large",50.825,55.0597076989046,37.002002825948,790.003333333333,0.386020528825576,"Summer",1
"2020-09-23 13:00:00","Rock-Large",50.2566666666667,54.6008583045534,38.1556490685903,698.476666666667,0.865157588820807,"Summer",1
"2020-09-23 14:00:00","Rock-Large",47.7966666666667,51.5279790495189,38.9807488647388,552.931666666667,0.999211374722449,"Summer",1
"2020-09-23 15:00:00","Rock-Large",44.2516666666667,47.2944813091698,39.6618322129947,366.51,1.5643645375858,"Summer",1
"2020-09-23 16:00:00","Rock-Large",39.9366666666667,42.3481733344625,40.2554799598369,169.53,1.79518705697831,"Summer",1
"2020-09-23 17:00:00","Rock-Large",36.4483333333333,37.8392818514976,39.690814082526,23.3366666666667,1.4991812599324,"Summer",1
"2020-09-24 07:00:00","open",34.1,34.965028816069,32.2303358705335,302.741666666667,0.334971183930996,"Summer",1
"2020-09-24 08:00:00","Rock-Medium",40.28,41.7233484410856,33.7234642845036,522.521666666667,0.706760996252136,"Summer",1
"2020-09-24 09:00:00","Rock-Medium",43.8433333333333,46.867650297974,34.3016679258698,671.243333333333,0.202412868881495,"Summer",1
"2020-09-24 10:00:00","Rock-Small",46.4533333333333,50.1003621035553,34.9330015886025,795.16,0.593677775578172,"Summer",1
"2020-09-24 11:00:00","Rock-Medium",49.345,53.2657164930523,35.9633943080844,824.133333333333,0.0243908816495662,"Summer",1
"2020-09-24 12:00:00","Rock-Large",51.1133333333333,54.766239022633,36.8366926004988,794.563333333333,0.0682458785510249,"Summer",1
"2020-09-24 13:00:00","Rock-Large",50.6283333333333,54.4753017868712,37.6234134576143,701.666666666667,0.361592532123055,"Summer",1
"2020-09-24 14:00:00","Rock-Large",47.4416666666667,51.7107714709207,38.7116847697696,556.18,0.848556449313207,"Summer",1
"2020-09-24 15:00:00","Rock-Large",43.4733333333333,46.8452620307817,39.3087781378279,371.611666666667,1.07431275414965,"Summer",1
"2020-09-24 16:00:00","Rock-Large",39.22,41.5556427430375,39.7483611592281,171.273333333333,1.40015253482792,"Summer",1
"2020-09-24 17:00:00","Rock-Large",35.8866666666667,37.1495339543221,39.1340684736695,21.155,0.991780991073853,"Summer",1
"2020-09-25 07:00:00","open",32.695,33.7250061360401,31.0480733496399,321.145,1.57499386395993,"Summer",1
"2020-09-25 08:00:00","Rock-Medium",39.935,41.3003340586553,32.8544377024157,531.56,1.51221570964309,"Summer",1
"2020-09-25 09:00:00","Rock-Medium",44.695,47.3742617603021,33.7344862841326,685.518333333333,0.872712624290763,"Summer",1
"2020-09-25 10:00:00","Rock-Small",47.9033333333333,51.3596900715925,34.658892468676,797.636666666667,0.014009454956053,"Summer",1
"2020-09-25 11:00:00","Rock-Medium",48.3166666666667,53.0470096506082,35.3748793026082,844.955,0.450655570379197,"Summer",1
"2020-09-25 12:00:00","Rock-Medium",49.4183333333333,53.6646403860531,36.3728332341587,816.355,0.0946442400702665,"Summer",1
"2020-09-25 13:00:00","Rock-Large",49.0333333333333,53.1951807620303,37.3389407284011,719.645,0.0469089823673983,"Summer",1
"2020-09-25 14:00:00","Rock-Large",46.3283333333333,50.2373563661322,38.3037093017454,570.705,0.541353513056826,"Summer",1
"2020-09-25 15:00:00","Rock-Large",43.645,46.6773470860317,38.8773808947397,372.223333333333,0.699309958163653,"Summer",1
"2020-09-25 16:00:00","Rock-Large",38.5816666666667,40.9752182611063,39.4291893456087,163.811666666667,0.765568693083907,"Summer",1
"2020-09-25 17:00:00","Rock-Large",34.8083333333333,36.1089420895563,38.7450296112249,20.3433333333333,0.655407192677679,"Summer",1
"2020-09-26 07:00:00","open",33.44,34.5026288347426,31.5094308158463,308.07,0.797371165257353,"Summer",1
"2020-09-26 08:00:00","Rock-Medium",40.3816666666667,41.8019302501843,33.0773516641111,518.538333333333,1.4447671611427,"Summer",1
"2020-09-26 09:00:00","Rock-Medium",44.435,47.2821723561965,34.2838898675671,674.378333333333,0.181650594768463,"Summer",1
"2020-09-26 10:00:00","Rock-Medium",48.3966666666667,51.5055927071146,35.4696542864075,786.036666666667,0.214077378085868,"Summer",1
"2020-09-26 11:00:00","Rock-Large",50.9433333333333,54.8795887462314,36.3091566587443,826.386666666667,0.100444639003825,"Summer",1
"2020-09-26 12:00:00","Rock-Large",51.0966666666667,55.1830192657706,37.270465374135,800.42,0.309895233563829,"Summer",1
"2020-09-26 13:00:00","Rock-Large",49.0883333333333,53.3821377054075,38.0868504634379,705.078333333333,0.682481217550652,"Summer",1
"2020-09-26 14:00:00","Rock-Large",45.6933333333333,49.74614824763,38.9386185106791,558.023333333333,1.2807016810153,"Summer",1
"2020-09-26 15:00:00","Rock-Large",41.585,45.0368665514298,39.1366373339777,349.286666666667,1.14401660901515,"Summer",1
"2020-09-26 16:00:00","Rock-Large",38.825,41.0732140748332,39.406688339608,162.095,1.03968320137911,"Summer",1
"2020-09-26 17:00:00","Rock-Large",35.4133333333333,36.5927528134535,38.8595035452186,20.635,0.863921287058133,"Summer",1
"2020-09-27 07:00:00","open",32.04,33.2958765877984,31.3099404066912,317.228333333333,2.00412341220162,"Summer",1
"2020-09-27 08:00:00","Rock-Medium",37.53,39.4113471813051,32.0822833108209,528.56,2.79293647044187,"Summer",1
"2020-09-27 09:00:00","Rock-Medium",41.1016666666667,44.2437555959268,33.0346234692598,669.368333333333,1.94411951345469,"Summer",1
"2020-09-27 10:00:00","Rock-Small",43.6166666666667,47.5241294999541,34.1268142386473,792.6,0.455990008215949,"Summer",1
"2020-09-27 11:00:00","Rock-Medium",46.4266666666667,50.601846658358,34.9951342236417,837.941666666667,0.905853063743464,"Summer",1
"2020-09-27 12:00:00","Rock-Medium",48.7183333333333,52.7058971848921,36.0872268582868,804.791666666667,0.207653143682094,"Summer",1
"2020-09-27 13:00:00","Rock-Large",47.225,51.7959314101458,36.9864382157744,706.131666666667,0.0635822281698282,"Summer",1
"2020-09-27 14:00:00","Rock-Large",45.9933333333333,49.6183580350114,37.8924956733621,553.455,0.595797395300252,"Summer",1
"2020-09-27 15:00:00","Rock-Large",42.3883333333333,45.7188911261596,38.582817614904,363.946666666667,1.01572067285218,"Summer",1
"2020-09-27 16:00:00","Rock-Large",38.9666666666667,41.2355098435433,39.2480294647909,160.36,1.0502875603824,"Summer",1
"2020-09-27 17:00:00","Rock-Large",35.3916666666667,36.8393681053653,38.9655134133318,16.8616666666667,1.00037022901643,"Summer",1
"2020-09-28 07:00:00","open",32.8216666666667,33.9927136143663,32.4363124113315,295.15,1.30728638563371,"Summer",1
"2020-09-28 08:00:00","Rock-Medium",39.5166666666667,40.8346474199429,33.5264881153525,504.913333333333,1.23398112868883,"Summer",1
"2020-09-28 09:00:00","Rock-Medium",44.7433333333333,47.1983051825113,34.7744351176228,658.711666666667,0.107050245354671,"Summer",1
"2020-09-28 10:00:00","Rock-Large",49.2266666666667,52.5007412250855,35.654129498569,770.643333333333,0.0297208995538512,"Summer",1
"2020-09-28 11:00:00","Rock-Large",51.7566666666667,55.1271386364835,36.8926428672787,805.758333333333,0.652617058317929,"Summer",1
"2020-09-28 12:00:00","Rock-Large",51.8333333333333,56.0805852609664,38.1421001571985,773.123333333333,1.3290263941036,"Summer",1
"2020-09-28 13:00:00","Rock-Large",51.0433333333333,55.1876415409286,39.1842443459769,675.513333333333,2.10125969490831,"Summer",1
"2020-09-28 14:00:00","burrow",48.395,51.8542606456626,40.4239397838378,523.171666666667,NA,"Summer",1
"2020-09-28 15:00:00","burrow",44.435,47.5799106629587,41.1085807202961,337.713333333333,NA,"Summer",1
"2020-09-28 16:00:00","burrow",40.42,42.6013035360013,41.5619259948452,146.188333333333,NA,"Summer",1
"2020-09-28 17:00:00","burrow",36.4016666666667,37.921596475152,40.9650309624347,15.205,NA,"Summer",1
"2020-09-29 07:00:00","open",33.3833333333333,34.1864628169314,32.4434329437405,286.523333333333,1.11353718306862,"Summer",1
"2020-09-29 08:00:00","Rock-Medium",39.7,41.1890618046603,33.7804126519504,492.44,0.649999385270533,"Summer",1
"2020-09-29 09:00:00","Rock-Medium",44.3116666666667,46.5994867639858,34.9583429941299,643.613333333333,0.337727049604204,"Summer",1
"2020-09-29 10:00:00","Rock-Medium",47.03,50.3292744683073,35.384756366381,758.941666666667,0.122148858823032,"Summer",1
"2020-09-29 11:00:00","Rock-Large",49.9716666666667,53.6696099492021,36.4815557258578,805.311666666667,0.388384147685152,"Summer",1
"2020-09-29 12:00:00","Rock-Large",51.505,55.3770857744482,37.5668056993254,785.301666666667,0.941555608892926,"Summer",1
"2020-09-29 13:00:00","Rock-Large",50.8666666666667,54.7377216027115,38.479288078694,686.783333333333,1.3679165465345,"Summer",1
"2020-09-29 14:00:00","Rock-Large",47.2716666666667,50.920418990825,39.2218324529884,537.573333333333,1.63819247250153,"Summer",1
"2020-09-29 15:00:00","Rock-Large",43.81,47.0074282232068,40.0991165187367,342.54,1.90371278951233,"Summer",1
"2020-09-29 16:00:00","Rock-Large",39.9066666666667,42.1165427823685,40.5545729061136,142.751666666667,1.91026629506175,"Summer",1
"2020-09-29 17:00:00","open",35.6166666666667,36.9848322936583,40.0868804027566,14.4933333333333,1.68483229365835,"Summer",1
"2020-09-30 07:00:00","open",33.7383333333333,34.4910644743544,33.0294745953331,286.951666666667,0.808935525645587,"Summer",1
"2020-09-30 08:00:00","Rock-Medium",41.59,42.4776089068074,34.3082269515257,495.708333333333,0.0422605070967634,"Summer",1
"2020-09-30 09:00:00","Rock-Large",45.44,48.1486230332843,35.1821336489026,645.53,0.119497486979327,"Summer",1
"2020-09-30 10:00:00","Rock-Large",48.0316666666667,51.6064826689197,35.8807492496519,759.611666666667,0.256857072469174,"Summer",1
"2020-09-30 11:00:00","Rock-Large",51.6066666666667,55.1991118432325,36.8770821189441,797.543333333333,0.706128348082849,"Summer",1
"2020-09-30 12:00:00","Rock-Large",52.2833333333333,56.5017825789347,37.9476113724546,773.39,1.2617642233264,"Summer",1
"2020-09-30 13:00:00","Rock-Large",50.605,54.7999077314057,38.9909693807675,675.796666666667,1.65042435917626,"Summer",1
"2020-09-30 14:00:00","Rock-Large",45.1233333333333,49.4706966750206,39.8389385886374,501.231666666667,2.20297162662048,"Summer",1
"2020-09-30 15:00:00","Rock-Large",42.1216666666667,45.7139887446364,40.0032752269779,335.391666666667,2.27738623572185,"Summer",1
"2020-09-30 16:00:00","burrow",38.6533333333333,40.8583855966078,40.5034266004749,141.291666666667,NA,"Summer",1
"2020-09-30 17:00:00","open",35.44,36.7581958138818,39.8934218956516,12.5666666666667,1.45819581388176,"Summer",1
