"round_dt","microhabitat","avg_Tsurface_open","avg_ToSun","avg_ToShade","avg_radiation","de","df","season","climate_change"
"2022-01-10 10:00:00","burrow",24.15,27.8077254608295,21.6322315259416,517.71,NA,NA,"Winter",1.5
"2022-01-10 11:00:00","open",26.7333333333333,30.5112253968479,21.9385440414029,599.372777777778,1.18877460315214,-1.18877460315214,"Winter",1.5
"2022-01-10 12:00:00","open",28.0344444444444,32.1911556342714,22.5616898746539,630.548333333333,0.49115563427139,0.49115563427139,"Winter",1.5
"2022-01-10 13:00:00","open",28.2477777777778,32.1651042077746,22.9790331123512,585.336111111111,0.465104207774605,0.465104207774605,"Winter",1.5
"2022-01-10 14:00:00","open",27.2261111111111,30.5557825963858,23.7718500941694,483.33,1.14421740361425,-1.14421740361425,"Winter",1.5
"2022-01-10 15:00:00","burrow",25.0466666666667,27.5665955549829,23.8594687483957,319.393333333333,NA,NA,"Winter",1.5
"2022-01-10 16:00:00","burrow",21.3516666666667,23.0051371355369,23.0585070048018,135.813333333333,NA,NA,"Winter",1.5
"2022-01-10 17:00:00","burrow",17.7494444444444,18.5611284408122,22.274247214728,10.0661111111111,NA,NA,"Winter",1.5
"2022-01-11 07:00:00","burrow",12.0955555555556,12.8139691759538,16.9796277916159,26.4216666666667,NA,NA,"Winter",1.5
"2022-01-11 08:00:00","burrow",14.7122222222222,16.0446045165404,18.4612982676167,167.047777777778,NA,NA,"Winter",1.5
"2022-01-11 09:00:00","burrow",18.9127777777778,21.235275622042,20.121104301262,345.722222222222,NA,NA,"Winter",1.5
"2022-01-11 10:00:00","burrow",24.2333333333333,27.277858350595,20.0276836524015,481.562222222222,NA,NA,"Winter",1.5
"2022-01-11 11:00:00","open",27.45,31.1403110108488,20.9652414552378,588.963333333333,0.55968898915124,-0.55968898915124,"Winter",1.5
"2022-01-11 12:00:00","open",29.6961111111111,33.4684247938274,21.4173249398625,617.601111111111,1.76842479382736,1.76842479382736,"Winter",1.5
"2022-01-11 13:00:00","open",30.6755555555556,34.2736610523974,22.088427605469,575.444444444444,2.57366105239737,2.57366105239737,"Winter",1.5
"2022-01-11 14:00:00","open",29.2794444444444,32.4157058965382,22.7631227448973,473.992777777778,0.715705896538179,0.715705896538179,"Winter",1.5
"2022-01-11 15:00:00","open",27.2366666666667,29.6588078734955,23.0075397032127,318.09,2.04119212650448,-2.04119212650448,"Winter",1.5
"2022-01-11 16:00:00","burrow",22.7183333333333,24.3674849842582,22.5296013471498,133.732777777778,NA,NA,"Winter",1.5
"2022-01-11 17:00:00","burrow",18.515,19.3043631013643,21.6904578350436,10.3755555555556,NA,NA,"Winter",1.5
"2022-01-12 07:00:00","burrow",11.4455555555556,12.2754593071636,17.0228126126035,27.0811111111111,NA,NA,"Winter",1.5
"2022-01-12 08:00:00","burrow",14.4244444444444,15.8443070878111,18.9142600317032,173.214444444444,NA,NA,"Winter",1.5
"2022-01-12 09:00:00","burrow",18.8005555555556,20.8878042475832,19.5704317712108,284.766666666667,NA,NA,"Winter",1.5
"2022-01-12 10:00:00","burrow",24.0772222222222,27.0927257690987,20.1345731742898,447.565555555556,NA,NA,"Winter",1.5
"2022-01-12 11:00:00","open",27.68,31.5492969591409,21.1760722111397,629.542222222222,0.150703040859096,-0.150703040859096,"Winter",1.5
"2022-01-12 12:00:00","open",26.2611111111111,29.6246530611689,21.6215036225746,462.66,2.07534693883109,-2.07534693883109,"Winter",1.5
"2022-01-12 13:00:00","open",26.5066666666667,29.9861149549444,22.2325675588953,431.700555555556,1.71388504505562,-1.71388504505562,"Winter",1.5
"2022-01-12 14:00:00","burrow",25.1661111111111,27.5832895978817,22.5279789637148,300.241111111111,NA,NA,"Winter",1.5
"2022-01-12 15:00:00","burrow",23.5011111111111,25.3513774283369,22.5265649632111,173.390555555556,NA,NA,"Winter",1.5
"2022-01-12 16:00:00","burrow",21.2333333333333,22.4122929143742,22.1035937289688,85.4494444444445,NA,NA,"Winter",1.5
"2022-01-12 17:00:00","burrow",19.0494444444444,19.9097893871938,21.3215939273835,16.3372222222222,NA,NA,"Winter",1.5
"2022-01-13 07:00:00","burrow",12.0738888888889,12.7691285620881,17.2497415242235,21.745,NA,NA,"Winter",1.5
"2022-01-13 08:00:00","burrow",14.0738888888889,15.0806323417489,17.72402111477,90.3794444444444,NA,NA,"Winter",1.5
"2022-01-13 09:00:00","burrow",15.8077777777778,17.2849970485723,18.3718570360597,165.762222222222,NA,NA,"Winter",1.5
"2022-01-13 10:00:00","burrow",17.2027777777778,18.9052288558044,19.0654609233482,178.802222222222,NA,NA,"Winter",1.5
"2022-01-13 11:00:00","burrow",24.3133333333333,27.6502046296583,20.1577129234819,550.674444444444,NA,NA,"Winter",1.5
"2022-01-13 12:00:00","open",25.9633333333333,29.705081539078,21.593831055106,481.507222222222,1.99491846092203,-1.99491846092203,"Winter",1.5
"2022-01-13 13:00:00","open",27.6583333333333,31.3229581196864,22.2849977344155,545.235,0.377041880313584,-0.377041880313584,"Winter",1.5
"2022-01-13 14:00:00","open",26.92,30.1561452461856,23.0429899105098,458.543888888889,1.54385475381435,-1.54385475381435,"Winter",1.5
"2022-01-13 15:00:00","burrow",24.4088888888889,26.9255693772754,23.5148585513374,301.58,NA,NA,"Winter",1.5
"2022-01-13 16:00:00","burrow",21.7366666666667,23.2270328198154,23.1850692637789,123.457777777778,NA,NA,"Winter",1.5
"2022-01-13 17:00:00","burrow",19.4394444444444,20.2023307874758,22.50209400931,13.4127777777778,NA,NA,"Winter",1.5
"2022-01-14 07:00:00","burrow",15.5922222222222,16.499863250405,18.5080879581838,33.945,NA,NA,"Winter",1.5
"2022-01-14 08:00:00","burrow",16.5855555555556,17.6544707045022,18.6879124652427,79.5477777777778,NA,NA,"Winter",1.5
"2022-01-14 09:00:00","burrow",18.4955555555556,20.2797531134309,19.4420678455616,185.361666666667,NA,NA,"Winter",1.5
"2022-01-14 10:00:00","burrow",20.38,22.182172128851,20.2224152293273,217.682777777778,NA,NA,"Winter",1.5
"2022-01-14 11:00:00","burrow",20.4188888888889,21.9033680179808,20.6772369923703,162.036111111111,NA,NA,"Winter",1.5
"2022-01-14 12:00:00","burrow",20.2022222222222,21.7395655475418,21.240774796738,154.943333333333,NA,NA,"Winter",1.5
"2022-01-14 13:00:00","burrow",19.9372222222222,21.5111315844877,21.8215530371904,167.037222222222,NA,NA,"Winter",1.5
"2022-01-14 14:00:00","burrow",22.97,24.9906753706322,21.8577288048311,380.306111111111,NA,NA,"Winter",1.5
"2022-01-14 15:00:00","burrow",23.7494444444444,26.225012470632,22.021440043111,241.301666666667,NA,NA,"Winter",1.5
"2022-01-14 16:00:00","burrow",20.95,22.2900094345121,21.407275624661,118.674444444444,NA,NA,"Winter",1.5
"2022-01-14 17:00:00","burrow",17.7355555555556,18.8608403616934,20.4173811724468,19.8027777777778,NA,NA,"Winter",1.5
"2022-01-15 07:00:00","burrow",10.4438888888889,11.2642583320855,16.7323463198839,10.9616666666667,NA,NA,"Winter",1.5
"2022-01-15 08:00:00","burrow",11.7594444444444,12.8084889330776,17.139943978383,69.5355555555555,NA,NA,"Winter",1.5
"2022-01-15 09:00:00","burrow",15.7461111111111,16.955147129016,18.4893358759406,153.283888888889,NA,NA,"Winter",1.5
"2022-01-15 10:00:00","burrow",17.7805555555556,19.4094747926271,19.4548443221938,170.787777777778,NA,NA,"Winter",1.5
"2022-01-15 11:00:00","burrow",19.2427777777778,20.68185224727,20.4910309150003,138.051111111111,NA,NA,"Winter",1.5
"2022-01-15 12:00:00","burrow",22.2072222222222,23.7133695271649,21.0831803507799,180.724444444444,NA,NA,"Winter",1.5
"2022-01-15 13:00:00","burrow",20.5472222222222,21.7575656749204,21.0261944061486,90.1333333333333,NA,NA,"Winter",1.5
"2022-01-15 14:00:00","burrow",19.6794444444444,20.7082163946413,21.0521267679962,70.1288888888889,NA,NA,"Winter",1.5
"2022-01-15 15:00:00","burrow",20.8011111111111,21.7245272650598,21.0139718178938,99.6166666666667,NA,NA,"Winter",1.5
"2022-01-15 16:00:00","burrow",17.7472222222222,18.5874346629838,20.1029868422729,17.93,NA,NA,"Winter",1.5
"2022-01-15 17:00:00","burrow",16.8327777777778,17.579437225454,19.5284937058812,6.21611111111111,NA,NA,"Winter",1.5
"2022-01-16 08:00:00","burrow",14.7738888888889,15.4332761445088,17.5930027513495,46.3633333333333,NA,NA,"Winter",1.5
"2022-01-16 09:00:00","burrow",15.065,15.7247227657709,17.4766965689135,32.2788888888889,NA,NA,"Winter",1.5
"2022-01-16 10:00:00","burrow",15.6427777777778,16.3671920464373,18.1146192930253,34.83,NA,NA,"Winter",1.5
"2022-01-16 11:00:00","burrow",16.2605555555556,16.8900334018843,18.5264792221958,22.5383333333333,NA,NA,"Winter",1.5
"2022-01-16 12:00:00","burrow",16.265,17.0774141839392,18.5671131024277,26.3211111111111,NA,NA,"Winter",1.5
"2022-01-16 13:00:00","burrow",16.5583333333333,17.5681222514979,18.7862005459686,57.4788888888889,NA,NA,"Winter",1.5
"2022-01-16 14:00:00","burrow",16.0666666666667,17.1414356955684,18.4842680515477,35.4011111111111,NA,NA,"Winter",1.5
"2022-01-16 15:00:00","burrow",15.8327777777778,16.8571012408102,17.9470854237912,27.4072222222222,NA,NA,"Winter",1.5
"2022-01-16 16:00:00","burrow",15.0888888888889,15.8758233090743,17.4307285104779,5.97944444444444,NA,NA,"Winter",1.5
"2022-01-16 17:00:00","burrow",14.4211111111111,15.2712978307156,17.3020229179184,1.65555555555556,NA,NA,"Winter",1.5
"2022-01-17 07:00:00","burrow",6.5405,7.210756241808,13.3226124979343,13.2405555555556,NA,NA,"Winter",1.5
"2022-01-17 08:00:00","burrow",9.059,9.99542079771571,14.633257101608,89.2744444444444,NA,NA,"Winter",1.5
"2022-01-17 09:00:00","burrow",12.4077777777778,13.6727210472275,15.6588842026459,150.470555555556,NA,NA,"Winter",1.5
"2022-01-17 10:00:00","burrow",15.3044444444444,16.7859052564887,16.2988658272044,186.725555555556,NA,NA,"Winter",1.5
"2022-01-17 11:00:00","burrow",18.0883333333333,19.6406178901469,17.2449386219138,202.24,NA,NA,"Winter",1.5
"2022-01-17 12:00:00","burrow",19.4055555555556,20.9470891569463,17.8135911761266,189.452777777778,NA,NA,"Winter",1.5
"2022-01-17 13:00:00","burrow",19.7966666666667,21.1328696898542,18.2240460323739,162.462222222222,NA,NA,"Winter",1.5
"2022-01-17 14:00:00","burrow",19.2811111111111,20.4077498461806,18.691676550333,135.985555555556,NA,NA,"Winter",1.5
"2022-01-17 15:00:00","burrow",17.3994444444444,18.4844065613018,18.7357639517969,101.894444444444,NA,NA,"Winter",1.5
"2022-01-17 16:00:00","burrow",14.2605555555556,15.2448488717034,17.9382603222934,49.8038888888889,NA,NA,"Winter",1.5
"2022-01-17 17:00:00","burrow",10.7011111111111,11.4114736455367,16.7101262598022,7.82388888888889,NA,NA,"Winter",1.5
"2022-01-18 07:00:00","burrow",4.85777777777778,5.48204250075855,12.5072213302892,12.7755555555556,NA,NA,"Winter",1.5
"2022-01-18 08:00:00","burrow",7.72261111111111,8.58039522473609,15.0196254498539,91.3383333333333,NA,NA,"Winter",1.5
"2022-01-18 09:00:00","burrow",11.8488888888889,13.1304821108669,15.5970769225062,150.175555555556,NA,NA,"Winter",1.5
"2022-01-18 10:00:00","burrow",15.325,16.8160209644529,16.1797888596002,184.478888888889,NA,NA,"Winter",1.5
"2022-01-18 11:00:00","burrow",18.3466666666667,19.9078406683377,16.9697101937081,201.458888888889,NA,NA,"Winter",1.5
"2022-01-18 12:00:00","burrow",20.3711111111111,21.8724982674556,17.6902039108921,188.803333333333,NA,NA,"Winter",1.5
"2022-01-18 13:00:00","burrow",20.9233333333333,22.2091616069525,18.4613315596017,160.51,NA,NA,"Winter",1.5
"2022-01-18 14:00:00","burrow",20.1022222222222,21.2600283430187,18.7455087822359,134.821666666667,NA,NA,"Winter",1.5
"2022-01-18 15:00:00","burrow",18.2955555555556,19.4151952416116,18.8345297960922,100.675,NA,NA,"Winter",1.5
"2022-01-18 16:00:00","burrow",20.3461111111111,21.4103959933567,18.102938602487,144.547777777778,NA,NA,"Winter",1.5
"2022-01-18 17:00:00","burrow",17.8633333333333,18.2225987683777,17.4822637122482,15.1461111111111,NA,NA,"Winter",1.5
"2022-01-19 07:00:00","burrow",13.1277777777778,13.5872631322434,14.8259435716464,9.55611111111111,NA,NA,"Winter",1.5
"2022-01-19 08:00:00","burrow",13.8805555555556,14.5503674575473,15.277694049487,46.5088888888889,NA,NA,"Winter",1.5
"2022-01-19 09:00:00","burrow",14.535,15.3596519801131,15.7692142686584,73.6927777777778,NA,NA,"Winter",1.5
"2022-01-19 10:00:00","burrow",15.245,16.527481463041,16.0521827716983,135.69,NA,NA,"Winter",1.5
"2022-01-19 11:00:00","burrow",15.9527777777778,18.475965987578,17.167063156075,311.728333333333,NA,NA,"Winter",1.5
"2022-01-19 12:00:00","burrow",18.0727777777778,20.9762251989085,18.5754383963405,373.899444444444,NA,NA,"Winter",1.5
"2022-01-19 13:00:00","burrow",17.9361111111111,19.0778795128476,18.180158690397,95.76,NA,NA,"Winter",1.5
"2022-01-19 14:00:00","burrow",18.0527777777778,19.4255251193768,18.5425351741735,133.995,NA,NA,"Winter",1.5
"2022-01-19 15:00:00","burrow",17.7394444444444,19.4064322033115,18.748454855908,178.475555555556,NA,NA,"Winter",1.5
"2022-01-19 16:00:00","burrow",17.1716666666667,18.5410660877306,18.308056634923,129.008888888889,NA,NA,"Winter",1.5
"2022-01-19 17:00:00","burrow",15.77,16.6046331040497,16.9355120341402,25.0605555555556,NA,NA,"Winter",1.5
"2022-01-20 07:00:00","burrow",10.855,11.5526640902616,12.7854110794774,21.9911111111111,NA,NA,"Winter",1.5
"2022-01-20 08:00:00","burrow",11.875,12.9095083166583,13.2816231298588,88.4894444444444,NA,NA,"Winter",1.5
"2022-01-20 09:00:00","burrow",12.8555555555556,14.8230114988988,14.6975087603436,227.501666666667,NA,NA,"Winter",1.5
"2022-01-20 10:00:00","burrow",14.1844444444444,16.5285862383891,15.4555571551708,290.621111111111,NA,NA,"Winter",1.5
"2022-01-20 11:00:00","burrow",15.405,18.2686442277417,15.8730446921423,299.956666666667,NA,NA,"Winter",1.5
"2022-01-20 12:00:00","burrow",16.2494444444444,18.920399001816,16.5556676071275,341.861111111111,NA,NA,"Winter",1.5
"2022-01-20 13:00:00","burrow",17.6283333333333,20.8810907336954,17.3443675504239,456.124444444444,NA,NA,"Winter",1.5
"2022-01-20 14:00:00","burrow",17.5361111111111,19.8754476915684,17.5765256113584,270.457777777778,NA,NA,"Winter",1.5
"2022-01-20 15:00:00","burrow",17.0766666666667,18.4276843251873,17.2538601674335,138.306666666667,NA,NA,"Winter",1.5
"2022-01-20 16:00:00","burrow",17.4538888888889,19.295635167166,17.6514607197339,184.285555555556,NA,NA,"Winter",1.5
"2022-01-20 17:00:00","burrow",16.1827777777778,16.8919604979067,17.036719859519,19.8155555555556,NA,NA,"Winter",1.5
"2022-01-21 07:00:00","burrow",10.9866666666667,11.6370856051449,13.1080954752743,24.8222222222222,NA,NA,"Winter",1.5
"2022-01-21 08:00:00","burrow",11.9577777777778,13.3571916990124,15.1251129532925,144.727222222222,NA,NA,"Winter",1.5
"2022-01-21 09:00:00","burrow",13.4994444444444,16.0161134104989,16.1765898842062,311.757777777778,NA,NA,"Winter",1.5
"2022-01-21 10:00:00","burrow",15.1722222222222,18.5549103885857,16.5594140958803,447.327777777778,NA,NA,"Winter",1.5
"2022-01-21 11:00:00","burrow",16.6777777777778,20.7456615824101,17.688903270231,551.611111111111,NA,NA,"Winter",1.5
"2022-01-21 12:00:00","burrow",17.9277777777778,22.2207526205518,18.7329745584199,587.874444444444,NA,NA,"Winter",1.5
"2022-01-21 13:00:00","burrow",19.0122222222222,23.1050312410476,19.5026327804781,561.193888888889,NA,NA,"Winter",1.5
"2022-01-21 14:00:00","burrow",19.6522222222222,23.2026681442323,19.9135594095782,471.693888888889,NA,NA,"Winter",1.5
"2022-01-21 15:00:00","burrow",19.3816666666667,21.9874262783632,20.3686422648662,325.884444444444,NA,NA,"Winter",1.5
"2022-01-21 16:00:00","burrow",19.145,20.66758154125,19.7943347518663,155.940555555556,NA,NA,"Winter",1.5
"2022-01-21 17:00:00","burrow",17.3727777777778,18.0220998947938,18.8960718193312,15.7127777777778,NA,NA,"Winter",1.5
"2022-01-22 07:00:00","burrow",11.1038888888889,11.7335336240647,14.0660309125678,26.1722222222222,NA,NA,"Winter",1.5
"2022-01-22 08:00:00","burrow",11.8427777777778,13.2780550734149,15.9637712730495,147.788888888889,NA,NA,"Winter",1.5
"2022-01-22 09:00:00","burrow",12.93,15.4959751809665,17.3851866959183,313.754444444444,NA,NA,"Winter",1.5
"2022-01-22 10:00:00","burrow",14.4861111111111,17.9054514974364,17.6278826951217,447.281666666667,NA,NA,"Winter",1.5
"2022-01-22 11:00:00","burrow",16.1911111111111,20.2580608708008,18.0281758381155,553.436666666667,NA,NA,"Winter",1.5
"2022-01-22 12:00:00","burrow",17.6766666666667,21.9346389456855,18.8465142946287,589.794444444444,NA,NA,"Winter",1.5
"2022-01-22 13:00:00","burrow",19.1133333333333,23.1167560902452,19.4703306112674,560.855,NA,NA,"Winter",1.5
"2022-01-22 14:00:00","burrow",19.975,23.443354021526,19.9520475971236,467.562777777778,NA,NA,"Winter",1.5
"2022-01-22 15:00:00","burrow",19.6594444444444,22.2125823871786,20.4678506027393,319.910555555556,NA,NA,"Winter",1.5
"2022-01-22 16:00:00","burrow",19.4044444444444,20.8606886870654,20.0644418604191,149.537222222222,NA,NA,"Winter",1.5
"2022-01-22 17:00:00","burrow",17.8816666666667,18.4637078815423,19.2839990355548,17.6466666666667,NA,NA,"Winter",1.5
"2022-01-23 07:00:00","burrow",11.08,11.7988306950233,14.6113377315066,25.0216666666667,NA,NA,"Winter",1.5
"2022-01-23 08:00:00","burrow",11.8027777777778,13.2464188412036,16.4079848296066,147.063888888889,NA,NA,"Winter",1.5
"2022-01-23 09:00:00","burrow",13.3822222222222,15.9181036674494,17.8039983343792,316.795555555556,NA,NA,"Winter",1.5
"2022-01-23 10:00:00","burrow",15.5255555555556,18.931570252148,18.2439847143738,453.307777777778,NA,NA,"Winter",1.5
"2022-01-23 11:00:00","burrow",17.7272222222222,21.7917875933346,19.6152815373017,556.971111111111,NA,NA,"Winter",1.5
"2022-01-23 12:00:00","burrow",19.4638888888889,23.6615714754682,20.8429419310111,574.516111111111,NA,NA,"Winter",1.5
"2022-01-23 13:00:00","burrow",21.3938888888889,25.5176407966413,21.8934774546557,587.34,NA,NA,"Winter",1.5
"2022-01-23 14:00:00","burrow",22.4044444444444,26.1131236617901,22.1464919069079,493.772222222222,NA,NA,"Winter",1.5
"2022-01-23 15:00:00","burrow",21.6227777777778,23.9088596211195,22.2260971868222,253.455555555556,NA,NA,"Winter",1.5
"2022-01-23 16:00:00","burrow",20.9494444444444,22.389820199814,21.8046773507884,137.556111111111,NA,NA,"Winter",1.5
"2022-01-23 17:00:00","burrow",19.565,20.2454390464426,20.8729499301953,16.2638888888889,NA,NA,"Winter",1.5
"2022-01-24 07:00:00","burrow",12.0533333333333,12.9050684774128,14.9763004656665,28.0411111111111,NA,NA,"Winter",1.5
"2022-01-24 08:00:00","burrow",12.8655555555556,14.5180936344287,16.4852064944874,161.430555555556,NA,NA,"Winter",1.5
"2022-01-24 09:00:00","burrow",14.2811111111111,17.0665022255927,17.861683016198,340.148888888889,NA,NA,"Winter",1.5
"2022-01-24 10:00:00","burrow",15.755,18.8437744879773,18.3786011058255,375.441666666667,NA,NA,"Winter",1.5
"2022-01-24 11:00:00","burrow",17.6833333333333,21.0896403512225,19.9023342704012,392.186666666667,NA,NA,"Winter",1.5
"2022-01-24 12:00:00","burrow",18.4938888888889,20.8346787549095,20.0433558928133,264.897222222222,NA,NA,"Winter",1.5
"2022-01-24 13:00:00","burrow",19.8683333333333,24.6054937465294,20.1226083972817,681.462777777778,NA,NA,"Winter",1.5
"2022-01-24 14:00:00","burrow",19.2511111111111,21.2236018085352,20.17851012236,175.956111111111,NA,NA,"Winter",1.5
"2022-01-24 15:00:00","burrow",17.7244444444444,18.8694173097707,18.5170948299629,85.6427777777778,NA,NA,"Winter",1.5
"2022-01-24 16:00:00","burrow",16.8922222222222,18.0403577826772,17.7574567906889,74.6972222222222,NA,NA,"Winter",1.5
"2022-01-24 17:00:00","burrow",15.5222222222222,16.3551154839184,16.7438879998497,20.3844444444444,NA,NA,"Winter",1.5
"2022-01-25 07:00:00","burrow",11.3572222222222,12.0442640255534,13.8432424527088,26.9016666666667,NA,NA,"Winter",1.5
"2022-01-25 08:00:00","burrow",12.2294444444444,13.6815358969298,15.7667260584326,148.531111111111,NA,NA,"Winter",1.5
"2022-01-25 09:00:00","burrow",13.6866666666667,16.2327522936031,17.3562509152763,313.243888888889,NA,NA,"Winter",1.5
"2022-01-25 10:00:00","burrow",15.1477777777778,18.5873854206381,17.1677832811904,445.598888888889,NA,NA,"Winter",1.5
"2022-01-25 11:00:00","burrow",21.1772222222222,25.4710667138332,17.946076300356,634.997777777778,NA,NA,"Winter",1.5
"2022-01-25 12:00:00","burrow",23.2644444444444,27.7682923207243,18.664773258663,664.331111111111,NA,NA,"Winter",1.5
"2022-01-25 13:00:00","burrow",23.6855555555556,27.9081792782172,19.1906869761846,616.642222222222,NA,NA,"Winter",1.5
"2022-01-25 14:00:00","burrow",22.9072222222222,26.5788405341827,19.4729467337485,503.462777777778,NA,NA,"Winter",1.5
"2022-01-25 15:00:00","burrow",21.3527777777778,24.1911594136325,20.2567555949025,358.068888888889,NA,NA,"Winter",1.5
"2022-01-25 16:00:00","burrow",19.5372222222222,21.3219607264773,19.6486199680653,180.632777777778,NA,NA,"Winter",1.5
"2022-01-25 17:00:00","burrow",15.9605555555556,16.8199093103416,19.026923624039,19.0172222222222,NA,NA,"Winter",1.5
"2022-01-26 07:00:00","burrow",8.56555555555556,9.28752796713543,14.1145588212958,25.1111111111111,NA,NA,"Winter",1.5
"2022-01-26 08:00:00","burrow",11.2533333333333,12.9177011360708,15.6028413863366,205.762222222222,NA,NA,"Winter",1.5
"2022-01-26 09:00:00","burrow",15.0133333333333,17.7485228857292,17.139499601025,397.601666666667,NA,NA,"Winter",1.5
"2022-01-26 10:00:00","burrow",18.9672222222222,22.7296748132863,17.6258021029541,570.471111111111,NA,NA,"Winter",1.5
"2022-01-26 11:00:00","burrow",21.3755555555556,25.0478810977054,18.5367791572351,539.848888888889,NA,NA,"Winter",1.5
"2022-01-26 12:00:00","burrow",22.9466666666667,27.7482376028539,19.464638117766,734.115555555556,NA,NA,"Winter",1.5
"2022-01-26 13:00:00","burrow",20.3516666666667,22.5963713328417,19.620723969109,257.277222222222,NA,NA,"Winter",1.5
"2022-01-26 14:00:00","burrow",21.1733333333333,24.0372068410884,20.3400493748633,341.424444444444,NA,NA,"Winter",1.5
"2022-01-26 15:00:00","burrow",19.3872222222222,20.8523625505879,19.6489077570197,134.605555555556,NA,NA,"Winter",1.5
"2022-01-26 16:00:00","burrow",14.6772222222222,16.0107734545404,17.4968470460052,55.4916666666667,NA,NA,"Winter",1.5
"2022-01-26 17:00:00","burrow",13.0205555555556,14.009081373776,15.7860388486123,32.08,NA,NA,"Winter",1.5
"2022-01-27 07:00:00","burrow",8.67277777777778,9.48880663346549,12.1291467955438,11.6522222222222,NA,NA,"Winter",1.5
"2022-01-27 08:00:00","burrow",8.65222222222222,9.72789417433883,12.1512601832591,50.8111111111111,NA,NA,"Winter",1.5
"2022-01-27 09:00:00","burrow",9.72611111111111,10.8647010668419,12.3804750962375,77.7411111111111,NA,NA,"Winter",1.5
"2022-01-27 10:00:00","burrow",10.2661111111111,11.740563519609,12.7789086929932,110.809444444444,NA,NA,"Winter",1.5
"2022-01-27 11:00:00","burrow",11.0861111111111,13.3830812749018,13.26238227072,268.796111111111,NA,NA,"Winter",1.5
"2022-01-27 12:00:00","burrow",13.5305555555556,17.0107733314838,14.4928815638973,370.192777777778,NA,NA,"Winter",1.5
"2022-01-27 13:00:00","burrow",15.0277777777778,18.6179483519326,15.203313472892,380.483333333333,NA,NA,"Winter",1.5
"2022-01-27 14:00:00","burrow",14.4461111111111,16.4935801806695,15.3716163405059,256.008333333333,NA,NA,"Winter",1.5
"2022-01-27 15:00:00","burrow",14.46,16.9780708178599,15.8591681707055,238.423333333333,NA,NA,"Winter",1.5
"2022-01-27 16:00:00","burrow",12.9611111111111,14.5354822057657,15.3462268499274,119.055555555556,NA,NA,"Winter",1.5
"2022-01-27 17:00:00","burrow",12.7372222222222,13.7190849297315,14.721311013076,35.5022222222222,NA,NA,"Winter",1.5
"2022-01-28 07:00:00","burrow",11.225,11.9390460230013,13.3890519427555,22.64,NA,NA,"Winter",1.5
"2022-01-28 08:00:00","burrow",12.0922222222222,13.086803136359,13.7124492281717,65.3377777777778,NA,NA,"Winter",1.5
"2022-01-28 09:00:00","burrow",12.9311111111111,14.2920520764646,14.2966835630857,121.934444444444,NA,NA,"Winter",1.5
"2022-01-28 10:00:00","burrow",14.2822222222222,16.1746353269364,14.9434994659812,210.43,NA,NA,"Winter",1.5
"2022-01-28 11:00:00","burrow",15.9938888888889,18.3702657446819,16.0323999873485,293.185,NA,NA,"Winter",1.5
"2022-01-28 12:00:00","burrow",18.3711111111111,21.7412208747719,17.3002521070182,442.875,NA,NA,"Winter",1.5
"2022-01-28 13:00:00","burrow",20.3944444444444,24.5943990424285,18.1923305594567,623.800555555556,NA,NA,"Winter",1.5
"2022-01-28 14:00:00","burrow",20.5177777777778,23.9414759163919,18.6000871647343,439.353333333333,NA,NA,"Winter",1.5
"2022-01-28 15:00:00","burrow",18.9772222222222,21.5055246363659,18.7657341978859,296.505,NA,NA,"Winter",1.5
"2022-01-28 16:00:00","burrow",16.8494444444444,18.5752196856685,18.3037047142931,152.105555555556,NA,NA,"Winter",1.5
"2022-01-28 17:00:00","burrow",16.7133333333333,17.5342596931238,17.8774349337865,29.4444444444444,NA,NA,"Winter",1.5
"2022-01-29 07:00:00","burrow",12.4844444444444,13.3164829332135,15.2408301753449,22.9766666666667,NA,NA,"Winter",1.5
"2022-01-29 08:00:00","burrow",12.9305555555556,14.1817889188983,15.4328529361714,89.345,NA,NA,"Winter",1.5
"2022-01-29 09:00:00","burrow",14.5105555555556,16.6756669087746,16.6155639327856,306.430555555556,NA,NA,"Winter",1.5
"2022-01-29 10:00:00","burrow",18.1272222222222,21.9446357350323,17.2370648265743,540.791666666667,NA,NA,"Winter",1.5
"2022-01-29 11:00:00","burrow",21.305,25.7932820432879,18.0961388545802,636.562777777778,NA,NA,"Winter",1.5
"2022-01-29 12:00:00","burrow",23.0394444444444,27.5857704915792,18.644564340934,654.161111111111,NA,NA,"Winter",1.5
"2022-01-29 13:00:00","burrow",23.7994444444444,28.0345653004471,19.3821218509245,607.378888888889,NA,NA,"Winter",1.5
"2022-01-29 14:00:00","burrow",23.0361111111111,26.812978573159,20.0542877203286,496.525555555556,NA,NA,"Winter",1.5
"2022-01-29 15:00:00","burrow",21.0072222222222,23.8549845511233,20.3453226522772,349.874444444444,NA,NA,"Winter",1.5
"2022-01-29 16:00:00","burrow",18.6933333333333,20.5210983308628,19.9700272368693,164.19,NA,NA,"Winter",1.5
"2022-01-29 17:00:00","burrow",16.6911111111111,17.5997627861066,19.1228905649388,25.7322222222222,NA,NA,"Winter",1.5
"2022-01-30 07:00:00","burrow",10.0244444444444,10.924244105941,14.390326677372,43.4705555555556,NA,NA,"Winter",1.5
"2022-01-30 08:00:00","burrow",12.2988888888889,14.244336344561,16.0551434882112,216.481111111111,NA,NA,"Winter",1.5
"2022-01-30 09:00:00","burrow",15.8238888888889,18.9410140856154,17.371192576885,400.797222222222,NA,NA,"Winter",1.5
"2022-01-30 10:00:00","burrow",18.99,22.8965355151959,17.8146248556555,541.136666666667,NA,NA,"Winter",1.5
"2022-01-30 11:00:00","burrow",21.4183333333333,25.9297907756211,18.5087555971568,643.796111111111,NA,NA,"Winter",1.5
"2022-01-30 12:00:00","burrow",23.1166666666667,27.7726553933225,19.2390549797503,671.276666666667,NA,NA,"Winter",1.5
"2022-01-30 13:00:00","burrow",23.8572222222222,28.2447205743898,19.8246484900569,627.362222222222,NA,NA,"Winter",1.5
"2022-01-30 14:00:00","burrow",23.0244444444444,26.8527792031548,20.1723265568413,519.503888888889,NA,NA,"Winter",1.5
"2022-01-30 15:00:00","burrow",21.1661111111111,24.133533489001,20.5771986964642,362.112777777778,NA,NA,"Winter",1.5
"2022-01-30 16:00:00","burrow",18.9888888888889,20.8216677740831,20.3892552692464,173.09,NA,NA,"Winter",1.5
"2022-01-30 17:00:00","burrow",16.7216666666667,17.6368480682379,19.6267985156283,28.0827777777778,NA,NA,"Winter",1.5
"2022-01-31 07:00:00","burrow",11.4366666666667,12.3871724158852,15.3872510639434,53.1911111111111,NA,NA,"Winter",1.5
"2022-01-31 08:00:00","burrow",12.3583333333333,13.8814506134678,15.9455051154716,161.452222222222,NA,NA,"Winter",1.5
"2022-01-31 09:00:00","burrow",15.8066666666667,18.5303892640763,17.6427834725561,407.711111111111,NA,NA,"Winter",1.5
"2022-01-31 10:00:00","burrow",19.2227777777778,22.3239871371108,18.366696409205,415.308333333333,NA,NA,"Winter",1.5
"2022-01-31 11:00:00","burrow",20.955,24.4386349052433,18.9099682090194,542.013333333333,NA,NA,"Winter",1.5
"2022-01-31 12:00:00","burrow",21.8666666666667,25.3721276831794,19.5218384021331,448.842222222222,NA,NA,"Winter",1.5
"2022-01-31 13:00:00","burrow",22.6305555555556,26.2226212260477,19.6786327553666,532.166111111111,NA,NA,"Winter",1.5
"2022-01-31 14:00:00","burrow",22.415,25.0274838181796,19.8949520804286,414.817222222222,NA,NA,"Winter",1.5
"2022-01-31 15:00:00","burrow",21.4544444444444,24.2853401545552,20.6119128513189,343.904444444444,NA,NA,"Winter",1.5
"2022-01-31 16:00:00","burrow",19.4327777777778,20.9823763845469,20.6419182497451,143.105555555556,NA,NA,"Winter",1.5
"2022-01-31 17:00:00","burrow",19.0072222222222,19.8334216127482,20.0674531841331,39.3016666666667,NA,NA,"Winter",1.5
"2022-02-01 07:00:00","burrow",14.5094444444444,15.3362355730115,16.8718247174083,36.0916666666667,NA,NA,"Winter",1.5
"2022-02-01 08:00:00","burrow",16.5172222222222,18.7643805750492,18.4224019145618,258.228333333333,NA,NA,"Winter",1.5
"2022-02-01 09:00:00","burrow",19.1027777777778,22.3783552872388,19.5941232442552,443.192777777778,NA,NA,"Winter",1.5
"2022-02-01 10:00:00","burrow",22.2611111111111,26.4006170213391,19.9965051810734,579.727777777778,NA,NA,"Winter",1.5
"2022-02-01 11:00:00","open",24.3672222222222,29.2730274373221,21.1352897354623,711.795,2.42697256267788,-2.42697256267788,"Winter",1.5
"2022-02-01 12:00:00","burrow",23.4883333333333,25.8969107146179,20.9612592608547,306.013333333333,NA,NA,"Winter",1.5
"2022-02-01 13:00:00","burrow",24.5677777777778,28.1664510256967,21.1237370875929,427.983333333333,NA,NA,"Winter",1.5
"2022-02-01 14:00:00","burrow",23.8777777777778,27.5140031268608,21.7688961285837,495.998333333333,NA,NA,"Winter",1.5
"2022-02-01 15:00:00","burrow",22.8083333333333,25.8092872781013,22.1825428800393,368.191111111111,NA,NA,"Winter",1.5
"2022-02-01 16:00:00","burrow",20.5411111111111,22.5333710878513,22.1333255605856,181.811666666667,NA,NA,"Winter",1.5
"2022-02-01 17:00:00","burrow",18.3766666666667,19.3884740213354,20.9599412102311,31.62,NA,NA,"Winter",1.5
"2022-02-02 07:00:00","burrow",11.3233333333333,12.2049672393511,16.4106534469576,52.2733333333333,NA,NA,"Winter",1.5
"2022-02-02 08:00:00","burrow",14.2627777777778,16.2391545467994,18.1660926176407,237.896111111111,NA,NA,"Winter",1.5
"2022-02-02 09:00:00","burrow",17.8855555555556,21.0874048096456,19.6525855427791,430.585555555556,NA,NA,"Winter",1.5
"2022-02-02 10:00:00","burrow",21.785,25.8138108042945,20.5555189018138,579.62,NA,NA,"Winter",1.5
"2022-02-02 11:00:00","burrow",23.8183333333333,28.4121670544587,21.0676325225335,667.553333333333,NA,NA,"Winter",1.5
"2022-02-02 12:00:00","open",26.3483333333333,30.8673051757955,21.8621267360923,683.456666666667,0.832694824204509,-0.832694824204509,"Winter",1.5
"2022-02-02 13:00:00","open",27.285,31.701641842839,22.577249265469,652.308333333333,0.00164184283902102,0.00164184283902102,"Winter",1.5
"2022-02-02 14:00:00","open",25.8266666666667,29.6573458610328,23.1850535092071,532.76,2.04265413896723,-2.04265413896723,"Winter",1.5
"2022-02-02 15:00:00","burrow",23.3516666666667,26.1199222961482,23.161298650861,295.226666666667,NA,NA,"Winter",1.5
"2022-02-02 16:00:00","burrow",21.5883333333333,23.4378003387928,22.5185006913807,132.593333333333,NA,NA,"Winter",1.5
"2022-02-02 17:00:00","burrow",19.3616666666667,20.6126097182621,21.8530588458718,20.1833333333333,NA,NA,"Winter",1.5
"2022-02-03 07:00:00","burrow",12.17,12.9370256249758,17.7895169911768,62.8866666666667,NA,NA,"Winter",1.5
"2022-02-03 08:00:00","burrow",14.8616666666667,16.457285632386,20.159924408414,250.935,NA,NA,"Winter",1.5
"2022-02-03 09:00:00","burrow",18.765,21.5700731466107,21.1035892745145,443.001666666667,NA,NA,"Winter",1.5
"2022-02-03 10:00:00","burrow",22.4233333333333,25.9538834167425,21.3011734657218,582.571666666667,NA,NA,"Winter",1.5
"2022-02-03 11:00:00","open",25.1866666666667,29.4225695737616,22.0776843485484,680.56,2.27743042623842,-2.27743042623842,"Winter",1.5
"2022-02-03 12:00:00","open",27.4916666666667,31.8127245990658,22.6458653798012,693.431666666667,0.112724599065771,0.112724599065771,"Winter",1.5
"2022-02-03 13:00:00","open",28.1433333333333,32.365428380942,23.6032018948042,639.1,0.665428380941972,0.665428380941972,"Winter",1.5
"2022-02-03 14:00:00","open",27.4216666666667,31.4116233656331,24.4471838359804,513.16,0.288376634366891,-0.288376634366891,"Winter",1.5
"2022-02-03 15:00:00","Rock-Small",25.6333333333333,28.7196384301148,25.3149180326337,352.56,2.9756702375271,-2.9756702375271,"Winter",1.5
"2022-02-03 16:00:00","burrow",23.6366666666667,24.9711570177662,24.4052901120948,97.68,NA,NA,"Winter",1.5
"2022-02-03 17:00:00","burrow",21.1033333333333,22.3719099607271,23.2431441455683,19.9583333333333,NA,NA,"Winter",1.5
"2022-02-04 07:00:00","burrow",15.0333333333333,15.4118632412299,18.0603000392376,15.2716666666667,NA,NA,"Winter",1.5
"2022-02-04 08:00:00","burrow",15.8133333333333,16.7111395316734,18.2087740543735,83.905,NA,NA,"Winter",1.5
"2022-02-04 09:00:00","burrow",18.5516666666667,20.6437760282019,19.934762230986,384.893333333333,NA,NA,"Winter",1.5
"2022-02-04 10:00:00","burrow",20.8266666666667,23.8396752255042,19.9084105288509,370.52,NA,NA,"Winter",1.5
"2022-02-04 11:00:00","burrow",22.13,25.5728782989425,20.570600082575,393.73,NA,NA,"Winter",1.5
"2022-02-04 12:00:00","burrow",20.925,22.6801325360918,21.0087509552903,330.745,NA,NA,"Winter",1.5
"2022-02-04 13:00:00","burrow",22.9,26.7643478454237,21.7359462955897,566.945,NA,NA,"Winter",1.5
"2022-02-04 14:00:00","burrow",22.2383333333333,24.8136548284729,21.7001805790323,291.65,NA,NA,"Winter",1.5
"2022-02-04 15:00:00","burrow",20.425,21.6957392491425,21.0211398969114,100.83,NA,NA,"Winter",1.5
"2022-02-04 16:00:00","burrow",19.8116666666667,21.2503257460315,20.7299700549001,95.9516666666667,NA,NA,"Winter",1.5
"2022-02-04 17:00:00","burrow",18.3716666666667,19.1556382303441,19.8266365611268,13.71,NA,NA,"Winter",1.5
"2022-02-05 07:00:00","burrow",13.1566666666667,14.1344948469043,16.565366298586,30.6516666666667,NA,NA,"Winter",1.5
"2022-02-05 08:00:00","burrow",13.7766666666667,15.1003736977526,16.4942084936197,111.948333333333,NA,NA,"Winter",1.5
"2022-02-05 09:00:00","burrow",14.0316666666667,15.6054160983186,16.9035959598503,126.471666666667,NA,NA,"Winter",1.5
"2022-02-05 10:00:00","burrow",16.27,18.7174734629559,17.5795830054701,403.788333333333,NA,NA,"Winter",1.5
"2022-02-05 11:00:00","burrow",16.425,18.653739051676,18.2581582899792,198.416666666667,NA,NA,"Winter",1.5
"2022-02-05 12:00:00","burrow",16.6216666666667,18.291564440886,18.4470958668761,166.023333333333,NA,NA,"Winter",1.5
"2022-02-05 13:00:00","burrow",15.88,17.1414589433086,18.4490290831876,70.8383333333333,NA,NA,"Winter",1.5
"2022-02-05 14:00:00","burrow",17.9116666666667,21.1033849019863,19.5751207117236,334.196666666667,NA,NA,"Winter",1.5
"2022-02-05 15:00:00","burrow",16.725,18.2556113441571,19.126784433392,80.9683333333333,NA,NA,"Winter",1.5
"2022-02-05 16:00:00","burrow",16.3366666666667,17.489023541557,19.0534282473743,49.875,NA,NA,"Winter",1.5
"2022-02-05 17:00:00","burrow",15.6716666666667,16.6317760633152,18.3493974103406,9.085,NA,NA,"Winter",1.5
"2022-02-06 07:00:00","burrow",12.2266666666667,13.3007082408459,15.6860693073259,29.25,NA,NA,"Winter",1.5
"2022-02-06 08:00:00","burrow",13.2683333333333,14.7642914788544,17.4262062431639,244.275,NA,NA,"Winter",1.5
"2022-02-06 09:00:00","burrow",15.1483333333333,17.8822148325313,17.4223929480311,265.86,NA,NA,"Winter",1.5
"2022-02-06 10:00:00","burrow",16.975,19.4751596877557,17.821632462392,463.461666666667,NA,NA,"Winter",1.5
"2022-02-06 11:00:00","burrow",20.1866666666667,24.5715247953558,19.021177465953,690.665,NA,NA,"Winter",1.5
"2022-02-06 12:00:00","burrow",22.4266666666667,27.2839385773144,20.0554534865703,712.956666666667,NA,NA,"Winter",1.5
"2022-02-06 13:00:00","burrow",23.0033333333333,27.0311900657348,20.6503981534241,573.796666666667,NA,NA,"Winter",1.5
"2022-02-06 14:00:00","burrow",22.205,26.0177329319011,20.9805678689926,458.35,NA,NA,"Winter",1.5
"2022-02-06 15:00:00","burrow",21.175,24.4078201689222,21.4617698650671,355.773333333333,NA,NA,"Winter",1.5
"2022-02-06 16:00:00","burrow",19.335,21.5664782133934,20.9719303702262,173.013333333333,NA,NA,"Winter",1.5
"2022-02-06 17:00:00","burrow",17.3483333333333,18.5502118115762,20.1120933557664,23.1666666666667,NA,NA,"Winter",1.5
"2022-02-07 07:00:00","burrow",11.9616666666667,12.9479156720385,16.7360102504054,70.0366666666667,NA,NA,"Winter",1.5
"2022-02-07 08:00:00","burrow",14.0133333333333,15.8847127155284,18.3314451599126,250.75,NA,NA,"Winter",1.5
"2022-02-07 09:00:00","burrow",17.3533333333333,20.1718690595883,19.4362319672923,442.175,NA,NA,"Winter",1.5
"2022-02-07 10:00:00","burrow",20.95,24.5509233626631,19.5682090203677,571.441666666667,NA,NA,"Winter",1.5
"2022-02-07 11:00:00","burrow",23.5233333333333,27.9112699950684,20.4542959088112,673.028333333333,NA,NA,"Winter",1.5
"2022-02-07 12:00:00","open",25.345,29.9189875979498,21.6258899934669,684.05,1.7810124020502,-1.7810124020502,"Winter",1.5
"2022-02-07 13:00:00","open",25.8733333333333,30.4370934071447,22.2196575019573,638.841666666667,1.26290659285531,-1.26290659285531,"Winter",1.5
"2022-02-07 14:00:00","open",25.3716666666667,29.4869583907095,22.4905971881752,520.16,2.21304160929046,-2.21304160929046,"Winter",1.5
"2022-02-07 15:00:00","burrow",23.3683333333333,26.7754000373943,22.8780610267628,353.71,NA,NA,"Winter",1.5
"2022-02-07 16:00:00","burrow",21.1233333333333,23.389551008319,22.3095912769543,167.113333333333,NA,NA,"Winter",1.5
"2022-02-07 17:00:00","burrow",19.0866666666667,20.3153613519449,21.7757207569851,24.1983333333333,NA,NA,"Winter",1.5
"2022-02-08 07:00:00","burrow",12.68,13.6543829393728,17.1574657543931,75.84,NA,NA,"Winter",1.5
"2022-02-08 08:00:00","burrow",15.0566666666667,17.0067525113158,19.1843969602276,266.553333333333,NA,NA,"Winter",1.5
"2022-02-08 09:00:00","burrow",18.665,21.5666281416683,20.3484391209734,462.598333333333,NA,NA,"Winter",1.5
"2022-02-08 10:00:00","burrow",22.0266666666667,25.8289747879197,20.553013000435,599.181666666667,NA,NA,"Winter",1.5
"2022-02-08 11:00:00","open",24.985,29.4836172042609,21.0445082852046,697.403333333333,2.21638279573913,-2.21638279573913,"Winter",1.5
"2022-02-08 12:00:00","open",26.2816666666667,31.1628886011192,21.849844550935,717.373333333333,0.537111398880818,-0.537111398880818,"Winter",1.5
"2022-02-08 13:00:00","open",27.0633333333333,31.6856828061789,22.5367295424232,660.706666666667,0.0143171938211282,-0.0143171938211282,"Winter",1.5
"2022-02-08 14:00:00","open",25.6283333333333,30.079442620614,22.9479392746427,547.025,1.62055737938599,-1.62055737938599,"Winter",1.5
"2022-02-08 15:00:00","burrow",23.565,27.0973428029634,23.2380198026741,373.505,NA,NA,"Winter",1.5
"2022-02-08 16:00:00","burrow",21.075,23.4354657692092,22.721135772213,180.998333333333,NA,NA,"Winter",1.5
"2022-02-08 17:00:00","burrow",19.0333333333333,20.309602844473,21.7290250262331,25.0833333333333,NA,NA,"Winter",1.5
"2022-02-09 07:00:00","burrow",12.1416666666667,13.0953472419279,17.2471835511326,78.0133333333333,NA,NA,"Winter",1.5
"2022-02-09 08:00:00","burrow",14.7933333333333,16.5908488698615,19.5840265423198,266.473333333333,NA,NA,"Winter",1.5
"2022-02-09 09:00:00","burrow",18.3166666666667,21.1679510204298,20.4049153629984,454.636666666667,NA,NA,"Winter",1.5
"2022-02-09 10:00:00","burrow",21.5416666666667,25.4087659870099,20.6965379234835,572.695,NA,NA,"Winter",1.5
"2022-02-09 11:00:00","burrow",24.0316666666667,28.5486742938381,21.5461917172788,678.27,NA,NA,"Winter",1.5
"2022-02-09 12:00:00","open",25.7016666666667,30.4240079702872,22.3949589111397,711.113333333333,1.27599202971278,-1.27599202971278,"Winter",1.5
"2022-02-09 13:00:00","open",26.4933333333333,31.1714929805172,23.4290910836906,657.898333333333,0.528507019482849,-0.528507019482849,"Winter",1.5
"2022-02-09 14:00:00","open",25.6583333333333,29.7917611950641,24.1632115805538,491.168333333333,1.90823880493592,-1.90823880493592,"Winter",1.5
"2022-02-09 15:00:00","burrow",23.7183333333333,27.1166513560723,23.8560221730196,375.361666666667,NA,NA,"Winter",1.5
"2022-02-09 16:00:00","burrow",21.405,23.8014642521935,23.2408078996381,177.136666666667,NA,NA,"Winter",1.5
"2022-02-09 17:00:00","burrow",18.975,20.1884492791129,21.4644747649372,23.185,NA,NA,"Winter",1.5
"2022-02-10 07:00:00","burrow",12.6766666666667,13.2484813904038,16.0544604902428,26.405,NA,NA,"Winter",1.5
"2022-02-10 08:00:00","burrow",13.9583333333333,14.9479044925029,16.2623925520417,110.413333333333,NA,NA,"Winter",1.5
"2022-02-10 09:00:00","burrow",16.7433333333333,18.5836211301957,16.6685898896029,198.298333333333,NA,NA,"Winter",1.5
"2022-02-10 10:00:00","burrow",16.1,17.1129790032997,17.3059831250227,96.6533333333333,NA,NA,"Winter",1.5
"2022-02-10 11:00:00","burrow",16.6933333333333,18.0632564093293,18.2929774646039,118.346666666667,NA,NA,"Winter",1.5
"2022-02-10 12:00:00","burrow",18.4083333333333,20.0631331670709,19.3729089568322,273.638333333333,NA,NA,"Winter",1.5
"2022-02-10 13:00:00","burrow",23.3166666666667,27.1257770209974,20.6902060206788,732.52,NA,NA,"Winter",1.5
"2022-02-10 14:00:00","burrow",22.5166666666667,26.6793550924494,20.8543340249101,271.653333333333,NA,NA,"Winter",1.5
"2022-02-10 15:00:00","burrow",22.8983333333333,26.3601989542966,21.048163091872,500.66,NA,NA,"Winter",1.5
"2022-02-10 16:00:00","burrow",21.4416666666667,24.0361064313233,21.0432877222814,258.736666666667,NA,NA,"Winter",1.5
"2022-02-10 17:00:00","burrow",19.4483333333333,20.419712973976,20.3696426343367,19.2016666666667,NA,NA,"Winter",1.5
"2022-02-11 07:00:00","burrow",14.5316666666667,15.597877385124,17.3949611751546,55.115,NA,NA,"Winter",1.5
"2022-02-11 08:00:00","burrow",15.9833333333333,17.414720803644,17.2545109661773,121.948333333333,NA,NA,"Winter",1.5
"2022-02-11 09:00:00","burrow",17.27,19.161207494288,17.9753263332839,245.69,NA,NA,"Winter",1.5
"2022-02-11 10:00:00","burrow",21.0116666666667,24.4374279248429,19.1828897408843,581.411666666667,NA,NA,"Winter",1.5
"2022-02-11 11:00:00","open",25.405,29.4750066287806,20.3006335618944,655.24,2.2249933712194,-2.2249933712194,"Winter",1.5
"2022-02-11 12:00:00","burrow",21.6916666666667,24.2434933539205,20.4950934466507,288.068333333333,NA,NA,"Winter",1.5
"2022-02-11 13:00:00","burrow",22.8166666666667,25.3540669311062,20.9795722092184,318.186666666667,NA,NA,"Winter",1.5
"2022-02-11 14:00:00","burrow",22.9233333333333,25.965646117285,21.0401309677953,491.571666666667,NA,NA,"Winter",1.5
"2022-02-11 15:00:00","burrow",22.4416666666667,25.6744497059257,21.2405717220412,416.948333333333,NA,NA,"Winter",1.5
"2022-02-11 16:00:00","burrow",19.6,21.3531948730254,21.0624027654714,155.938333333333,NA,NA,"Winter",1.5
"2022-02-11 17:00:00","burrow",17.9466666666667,19.084018683915,20.3843479673574,28.8866666666667,NA,NA,"Winter",1.5
"2022-02-12 07:00:00","burrow",12.5266666666667,13.4872406241176,16.108323764848,88.2916666666667,NA,NA,"Winter",1.5
"2022-02-12 08:00:00","burrow",15.3866666666667,17.314463499065,17.865893136327,287.93,NA,NA,"Winter",1.5
"2022-02-12 09:00:00","burrow",18.2516666666667,21.5336888363745,18.9404440992056,489.835,NA,NA,"Winter",1.5
"2022-02-12 10:00:00","burrow",20.8966666666667,25.059859080838,19.5722137339038,621.675,NA,NA,"Winter",1.5
"2022-02-12 11:00:00","burrow",23.3216666666667,28.2020830495601,20.8380373044453,732.3,NA,NA,"Winter",1.5
"2022-02-12 12:00:00","open",24.9683333333333,29.9577913823137,21.8315343714305,745.115,1.74220861768626,-1.74220861768626,"Winter",1.5
"2022-02-12 13:00:00","open",25.3283333333333,30.2375318960983,22.4167182660385,691.531666666667,1.46246810390166,-1.46246810390166,"Winter",1.5
"2022-02-12 14:00:00","open",24.6216666666667,29.0734252487442,23.0766918709202,568.571666666667,2.62657475125576,-2.62657475125576,"Winter",1.5
"2022-02-12 15:00:00","burrow",22.6983333333333,26.3654225675357,23.3083677689875,395.606666666667,NA,NA,"Winter",1.5
"2022-02-12 16:00:00","burrow",20.7433333333333,23.1938616455997,23.1439604483942,196.108333333333,NA,NA,"Winter",1.5
"2022-02-12 17:00:00","burrow",19.145,20.4355246100096,21.8619800123049,29.015,NA,NA,"Winter",1.5
"2022-02-13 07:00:00","burrow",12.5933333333333,13.3365291503146,17.2645195876132,96.5433333333333,NA,NA,"Winter",1.5
"2022-02-13 08:00:00","burrow",16.1066666666667,17.9711573003088,20.0179464063425,296.926666666667,NA,NA,"Winter",1.5
"2022-02-13 09:00:00","burrow",19.5183333333333,22.7280161150853,20.6091727464253,501.48,NA,NA,"Winter",1.5
"2022-02-13 10:00:00","burrow",22.5766666666667,26.6112163197672,20.6765289871964,630.055,NA,NA,"Winter",1.5
"2022-02-13 11:00:00","open",25.4283333333333,30.1272583843328,21.6202295389874,738.066666666667,1.57274161566719,-1.57274161566719,"Winter",1.5
"2022-02-13 12:00:00","open",27.2633333333333,32.1063388178761,22.1851837711412,755.12,0.406338817876094,0.406338817876094,"Winter",1.5
"2022-02-13 13:00:00","open",28.015,32.8185292484102,22.8393592191093,701.458333333333,1.11852924841018,1.11852924841018,"Winter",1.5
"2022-02-13 14:00:00","open",27.1533333333333,31.5075957332307,23.5062652888346,579.69,0.192404266769309,-0.192404266769309,"Winter",1.5
"2022-02-13 15:00:00","burrow",25.0783333333333,28.6108378453819,23.8873303292784,402.1,NA,NA,"Winter",1.5
"2022-02-13 16:00:00","burrow",22.2233333333333,24.6613481990641,23.6464513927279,200.08,NA,NA,"Winter",1.5
"2022-02-13 17:00:00","burrow",19.8683333333333,21.1252682267586,22.6601013805132,29.975,NA,NA,"Winter",1.5
"2022-02-13 18:00:00","burrow",17.9433333333333,18.7747474258677,21.5673624235881,2.86833333333333,NA,NA,"Winter",1.5
"2022-02-14 07:00:00","burrow",13.6116666666667,14.5303872765705,17.8756378932352,83.0483333333333,NA,NA,"Winter",1.5
"2022-02-14 08:00:00","burrow",17.24,18.9774916568296,20.4110643061802,297.361666666667,NA,NA,"Winter",1.5
"2022-02-14 09:00:00","burrow",22.2083333333333,25.2725980185581,20.4077928049985,368.921666666667,NA,NA,"Winter",1.5
"2022-02-14 10:00:00","burrow",23.1116666666667,25.5222418508272,21.1037153158839,377.875,NA,NA,"Winter",1.5
"2022-02-14 11:00:00","burrow",25.1983333333333,28.3529397158576,22.0981863337686,496.971666666667,NA,NA,"Winter",1.5
"2022-02-14 12:00:00","open",25.86,29.8131258690389,22.8416923007564,436.811666666667,1.88687413096106,-1.88687413096106,"Winter",1.5
"2022-02-14 13:00:00","open",26.1366666666667,30.2129616167897,23.0493858741122,512.455,1.48703838321029,-1.48703838321029,"Winter",1.5
"2022-02-14 14:00:00","open",26.0316666666667,29.9554415504826,23.316695891914,489.763333333333,1.74455844951738,-1.74455844951738,"Winter",1.5
"2022-02-14 15:00:00","burrow",23.7916666666667,26.5481602323622,23.1775022162816,252.16,NA,NA,"Winter",1.5
"2022-02-14 16:00:00","burrow",21.86,23.9064442082654,23.2233565262994,120.645,NA,NA,"Winter",1.5
"2022-02-14 17:00:00","burrow",20.8833333333333,22.1286725703356,22.5090801230178,38.1766666666667,NA,NA,"Winter",1.5
"2022-02-15 07:00:00","burrow",14.8666666666667,15.8260145943996,18.4153650426802,115.798333333333,NA,NA,"Winter",1.5
"2022-02-15 08:00:00","burrow",18.605,20.8484965812688,19.6311521915654,299.525,NA,NA,"Winter",1.5
"2022-02-15 09:00:00","burrow",21.9166666666667,25.0672473603645,21.7689103798647,506.541666666667,NA,NA,"Winter",1.5
"2022-02-15 10:00:00","burrow",24.4583333333333,28.3819748616092,21.6255796881781,621.081666666667,NA,NA,"Winter",1.5
"2022-02-15 11:00:00","open",27.3033333333333,32.0043386978819,22.1886226284897,731.216666666667,0.304338697881906,0.304338697881906,"Winter",1.5
"2022-02-15 12:00:00","open",28.8333333333333,33.7944940579805,23.1869699336674,750.356666666667,2.09449405798045,2.09449405798045,"Winter",1.5
"2022-02-15 13:00:00","open",28.3466666666667,33.4268602180497,23.8005103520759,690.885,1.72686021804968,1.72686021804968,"Winter",1.5
"2022-02-15 14:00:00","open",27.0633333333333,31.4492498139274,23.885120587718,573.036666666667,0.250750186072558,-0.250750186072558,"Winter",1.5
"2022-02-15 15:00:00","burrow",24.87,28.3443677369112,24.0572507299267,396.43,NA,NA,"Winter",1.5
"2022-02-15 16:00:00","burrow",22.27,24.3853191001209,23.6409778986549,127.406666666667,NA,NA,"Winter",1.5
"2022-02-15 17:00:00","burrow",20.46,21.4283428268697,22.7340623500702,24.3766666666667,NA,NA,"Winter",1.5
"2022-02-15 18:00:00","burrow",19.4766666666667,20.1160538565641,22.2102739460519,0.45,NA,NA,"Winter",1.5
"2022-02-16 07:00:00","burrow",15.5616666666667,16.4887667265711,19.172564599067,65.3983333333333,NA,NA,"Winter",1.5
"2022-02-16 08:00:00","burrow",19.1883333333333,21.2357582787268,21.0875005383139,326.958333333333,NA,NA,"Winter",1.5
"2022-02-16 09:00:00","burrow",22.1583333333333,24.7666014481266,22.5209233573777,475.361666666667,NA,NA,"Winter",1.5
"2022-02-16 10:00:00","open",25.345,29.3410460249746,22.8510786456581,640.39,2.35895397502544,-2.35895397502544,"Winter",1.5
"2022-02-16 11:00:00","open",28.0683333333333,32.5868876900155,23.7726998926546,738.71,0.886887690015488,0.886887690015488,"Winter",1.5
"2022-02-16 12:00:00","open",29.6666666666667,34.7517445706891,24.0208472514231,808.425,3.05174457068912,3.05174457068912,"Winter",1.5
"2022-02-16 13:00:00","open",28.4683333333333,32.7743325862452,24.3230721439757,693.263333333333,1.07433258624516,1.07433258624516,"Winter",1.5
"2022-02-16 14:00:00","open",27.0833333333333,31.3151856032569,24.1802616806865,558.421666666667,0.384814396743089,-0.384814396743089,"Winter",1.5
"2022-02-16 15:00:00","burrow",24.9833333333333,28.3661841101476,24.2586248907268,385.806666666667,NA,NA,"Winter",1.5
"2022-02-16 16:00:00","burrow",22.3033333333333,24.3502298492801,23.43523144107,129.946666666667,NA,NA,"Winter",1.5
"2022-02-16 17:00:00","burrow",20.4433333333333,21.5038620267705,22.7517123216565,26.4716666666667,NA,NA,"Winter",1.5
"2022-02-17 07:00:00","burrow",15.39,16.1195217466617,18.2705863768421,65.255,NA,NA,"Winter",1.5
"2022-02-17 08:00:00","burrow",17.0333333333333,18.6874907252944,18.9396633007215,239.308333333333,NA,NA,"Winter",1.5
"2022-02-17 09:00:00","burrow",19.21,22.1343069598198,19.6903059108408,384.593333333333,NA,NA,"Winter",1.5
"2022-02-17 10:00:00","burrow",22.06,25.7532741030632,20.6480650069674,621.051666666667,NA,NA,"Winter",1.5
"2022-02-17 11:00:00","burrow",23.5933333333333,27.3582818710249,21.8769103190378,644.875,NA,NA,"Winter",1.5
"2022-02-17 12:00:00","burrow",24.4833333333333,27.9996201562225,22.6963954654382,536.205,NA,NA,"Winter",1.5
"2022-02-17 13:00:00","open",25.7016666666667,30.3977767928844,23.1966117636815,647.443333333333,1.30222320711562,-1.30222320711562,"Winter",1.5
"2022-02-17 14:00:00","burrow",25.0016666666667,28.0979834671609,23.3656297777795,460.158333333333,NA,NA,"Winter",1.5
"2022-02-17 15:00:00","burrow",23.7633333333333,26.4227800205191,23.5342314836569,255.34,NA,NA,"Winter",1.5
"2022-02-17 16:00:00","burrow",22.255,23.8217841808663,23.0625875540583,111.433333333333,NA,NA,"Winter",1.5
"2022-02-17 17:00:00","burrow",20.8116666666667,21.8731508158318,22.5799925617491,24.1,NA,NA,"Winter",1.5
"2022-02-18 07:00:00","burrow",14.0166666666667,14.8631303328076,18.5388458239498,57.4083333333333,NA,NA,"Winter",1.5
"2022-02-18 08:00:00","burrow",17.4816666666667,19.1889633736972,20.4307009928124,275.328333333333,NA,NA,"Winter",1.5
"2022-02-18 09:00:00","burrow",20.7683333333333,23.8206492673745,21.6093055499983,481.981666666667,NA,NA,"Winter",1.5
"2022-02-18 10:00:00","burrow",23.6016666666667,27.6149640426612,21.9665753126185,619.998333333333,NA,NA,"Winter",1.5
"2022-02-18 11:00:00","open",25.7933333333333,30.5883624847519,22.7108752698291,722.001666666667,1.11163751524806,-1.11163751524806,"Winter",1.5
"2022-02-18 12:00:00","open",28.3983333333333,33.0180523805264,23.3470487028513,732.285,1.31805238052636,1.31805238052636,"Winter",1.5
"2022-02-18 13:00:00","open",28.175,33.0918694801738,24.1510088236647,688.935,1.39186948017376,1.39186948017376,"Winter",1.5
"2022-02-18 14:00:00","open",27.48,31.8108672867894,24.7154643329941,567.176666666667,0.110867286789421,0.110867286789421,"Winter",1.5
"2022-02-18 15:00:00","open",25.2133333333333,28.7543318960421,24.7698818417524,393.093333333333,2.94566810395786,-2.94566810395786,"Winter",1.5
"2022-02-18 16:00:00","burrow",22.9733333333333,25.3188532620376,24.2331467333912,194.773333333333,NA,NA,"Winter",1.5
"2022-02-18 17:00:00","burrow",20.9666666666667,22.3211819125918,23.5092448199741,34.9966666666667,NA,NA,"Winter",1.5
"2022-02-19 07:00:00","burrow",17.0183333333333,17.8723919337163,19.6140264452949,50.93,NA,NA,"Winter",1.5
"2022-02-19 08:00:00","burrow",18.4766666666667,19.663488123668,20.0639891299319,92.8966666666667,NA,NA,"Winter",1.5
"2022-02-19 09:00:00","burrow",20.4116666666667,22.1886421140297,20.6536197603317,293.238333333333,NA,NA,"Winter",1.5
"2022-02-19 10:00:00","burrow",22.1,24.9116707179145,21.8125455184387,377.086666666667,NA,NA,"Winter",1.5
"2022-02-19 11:00:00","burrow",22.0516666666667,24.2855617090519,22.1212099728077,228.02,NA,NA,"Winter",1.5
"2022-02-19 12:00:00","burrow",24.03,26.5401066392407,22.627629514426,492.588333333333,NA,NA,"Winter",1.5
"2022-02-19 13:00:00","burrow",23.1383333333333,25.7595336877799,22.917086184222,298.361666666667,NA,NA,"Winter",1.5
"2022-02-19 14:00:00","burrow",18.8233333333333,20.7738820312143,20.5527702701047,30.6733333333333,NA,NA,"Winter",1.5
"2022-02-19 15:00:00","burrow",16.755,17.9588230928587,18.8815478932278,24.8616666666667,NA,NA,"Winter",1.5
"2022-02-19 16:00:00","burrow",16.4116666666667,17.1369011002379,18.283234279141,12.93,NA,NA,"Winter",1.5
"2022-02-19 17:00:00","burrow",15.4666666666667,16.3375792341033,17.3413862629811,10.5233333333333,NA,NA,"Winter",1.5
"2022-02-20 07:00:00","burrow",12.7616666666667,13.8756946954518,16.5320778086731,75.605,NA,NA,"Winter",1.5
"2022-02-20 08:00:00","burrow",14.7933333333333,16.8958584109039,17.6060462674997,280.47,NA,NA,"Winter",1.5
"2022-02-20 09:00:00","burrow",16.7766666666667,19.9746399232887,18.4012624064102,477.116666666667,NA,NA,"Winter",1.5
"2022-02-20 10:00:00","burrow",17.595,21.567114232803,18.5965026953803,513.741666666667,NA,NA,"Winter",1.5
"2022-02-20 11:00:00","burrow",18.9933333333333,23.8128772052178,19.1971326769449,681.875,NA,NA,"Winter",1.5
"2022-02-20 12:00:00","burrow",19.5816666666667,23.9855416630224,19.4671196529122,604.485,NA,NA,"Winter",1.5
"2022-02-20 13:00:00","burrow",20.4483333333333,25.544193156668,20.2480377530903,667.228333333333,NA,NA,"Winter",1.5
"2022-02-20 14:00:00","burrow",20.1066666666667,24.2166720943433,20.7601365948737,407.891666666667,NA,NA,"Winter",1.5
"2022-02-20 15:00:00","burrow",20.145,22.9075383341712,21.171976246218,389.523333333333,NA,NA,"Winter",1.5
"2022-02-20 16:00:00","burrow",18.7916666666667,21.7083173735658,21.1779762654354,220.168333333333,NA,NA,"Winter",1.5
"2022-02-20 17:00:00","burrow",17.3416666666667,18.8864198890664,20.5841922771389,42.645,NA,NA,"Winter",1.5
"2022-02-20 18:00:00","burrow",16.2983333333333,17.3583154611283,20.0532179287974,0.816666666666667,NA,NA,"Winter",1.5
"2022-02-21 07:00:00","burrow",12.57,13.655862607309,16.705413469074,50.1366666666667,NA,NA,"Winter",1.5
"2022-02-21 08:00:00","burrow",15.3416666666667,17.642460034234,18.6548570335313,317.951666666667,NA,NA,"Winter",1.5
"2022-02-21 09:00:00","burrow",18.3266666666667,21.7829183971733,19.7001440790766,514.118333333333,NA,NA,"Winter",1.5
"2022-02-21 10:00:00","burrow",20.8633333333333,25.4696538955147,20.0913411641697,660.963333333333,NA,NA,"Winter",1.5
"2022-02-21 11:00:00","burrow",22.6966666666667,27.5350226319663,20.7046985086039,733.03,NA,NA,"Winter",1.5
"2022-02-21 12:00:00","burrow",23.5783333333333,28.4760228175334,21.3734525340249,711.268333333333,NA,NA,"Winter",1.5
"2022-02-21 13:00:00","open",24.5516666666667,29.6749986513985,21.9040796701039,694.51,2.02500134860152,-2.02500134860152,"Winter",1.5
"2022-02-21 14:00:00","open",24.4666666666667,28.9696160704296,22.2904843492889,578.735,2.73038392957035,-2.73038392957035,"Winter",1.5
"2022-02-21 15:00:00","burrow",23.1383333333333,26.6921716429045,22.5446230907787,398.138333333333,NA,NA,"Winter",1.5
"2022-02-21 16:00:00","burrow",21.5633333333333,23.8220798854942,22.539078742746,232.938333333333,NA,NA,"Winter",1.5
"2022-02-21 17:00:00","burrow",19.6416666666667,21.1010404765779,21.8804287732008,42.1933333333333,NA,NA,"Winter",1.5
"2022-02-21 18:00:00","burrow",18.1433333333333,19.1949011464423,21.1663597731607,1.375,NA,NA,"Winter",1.5
"2022-02-22 07:00:00","burrow",14.0766666666667,15.1550239304152,18.0294826507678,101.895,NA,NA,"Winter",1.5
"2022-02-22 08:00:00","burrow",17.485,19.51355469087,20.1341516618524,307.911666666667,NA,NA,"Winter",1.5
"2022-02-22 09:00:00","burrow",21.2216666666667,24.6216438483167,21.4386625502868,517.27,NA,NA,"Winter",1.5
"2022-02-22 10:00:00","burrow",23.6633333333333,28.1712724999164,21.6631250842541,640.303333333333,NA,NA,"Winter",1.5
"2022-02-22 11:00:00","open",25.985,31.0879950866275,22.2925682357833,752.6,0.612004913372498,-0.612004913372498,"Winter",1.5
"2022-02-22 12:00:00","open",27.6216666666667,32.3539470083874,22.750712473117,747.376666666667,0.653947008387373,0.653947008387373,"Winter",1.5
"2022-02-22 13:00:00","open",28.1516666666667,33.2102631676068,23.4192740142292,691.728333333333,1.51026316760685,1.51026316760685,"Winter",1.5
"2022-02-22 14:00:00","open",27.6466666666667,32.2394670193114,23.9067683645362,601.911666666667,0.539467019311406,0.539467019311406,"Winter",1.5
"2022-02-22 15:00:00","open",25.2366666666667,29.0165198201026,24.2862211115797,416.736666666667,2.68348017989743,-2.68348017989743,"Winter",1.5
"2022-02-22 16:00:00","burrow",22.9666666666667,25.4548476967904,23.7955890757882,202.055,NA,NA,"Winter",1.5
"2022-02-22 17:00:00","burrow",21.2016666666667,22.5723379540061,23.1855498276361,46.4116666666667,NA,NA,"Winter",1.5
"2022-02-22 18:00:00","burrow",19.575,20.6489795083868,22.4328327389231,1.49833333333333,NA,NA,"Winter",1.5
"2022-02-23 07:00:00","burrow",15.0533333333333,16.1306263448844,19.0706821338165,111.725,NA,NA,"Winter",1.5
"2022-02-23 08:00:00","burrow",18.4483333333333,20.5682320728763,20.9773482321374,311.111666666667,NA,NA,"Winter",1.5
"2022-02-23 09:00:00","burrow",21.215,24.4600923714994,21.6461750393981,497.72,NA,NA,"Winter",1.5
"2022-02-23 10:00:00","burrow",24.3116666666667,28.6190952460289,21.8902299315448,661.55,NA,NA,"Winter",1.5
"2022-02-23 11:00:00","burrow",24.54,28.6395885113492,22.7077070966313,491.106666666667,NA,NA,"Winter",1.5
"2022-02-23 12:00:00","open",27.545,31.8110012827865,23.3919167547984,725.173333333333,0.11100128278655,0.11100128278655,"Winter",1.5
"2022-02-23 13:00:00","open",27.9616666666667,31.9354141878972,24.3389858690476,512.076666666667,0.23541418789717,0.23541418789717,"Winter",1.5
"2022-02-23 14:00:00","open",26.5116666666667,29.4380835450558,24.4765015497997,356.306666666667,2.26191645494417,-2.26191645494417,"Winter",1.5
"2022-02-23 15:00:00","open",26.4383333333333,29.9584973646126,24.7666368184377,447,1.74150263538738,-1.74150263538738,"Winter",1.5
"2022-02-23 16:00:00","burrow",24.2433333333333,26.9128215959087,24.8843345443505,225.37,NA,NA,"Winter",1.5
"2022-02-23 17:00:00","burrow",21.85,23.2239527753821,24.11200633679,41.9933333333333,NA,NA,"Winter",1.5
"2022-02-23 18:00:00","burrow",19.895,20.8986601505547,23.3317794589048,3.93833333333333,NA,NA,"Winter",1.5
"2022-02-24 07:00:00","burrow",16.5833333333333,17.7511455347503,20.3150270171606,99.8533333333333,NA,NA,"Winter",1.5
"2022-02-24 08:00:00","burrow",19.1116666666667,21.2277160917251,21.7305070510684,285.738333333333,NA,NA,"Winter",1.5
"2022-02-24 09:00:00","burrow",22.2566666666667,25.2295229392046,22.6120725253016,443.126666666667,NA,NA,"Winter",1.5
"2022-02-24 10:00:00","open",24.9916666666667,29.2193141650212,23.2815376712266,607.205,2.4806858349788,-2.4806858349788,"Winter",1.5
"2022-02-24 11:00:00","open",26.2116666666667,30.0410624535115,24.0762161393752,582.393333333333,1.65893754648846,-1.65893754648846,"Winter",1.5
"2022-02-24 12:00:00","open",28.8116666666667,33.0508119141405,24.6835593480674,776.863333333333,1.35081191414045,1.35081191414045,"Winter",1.5
"2022-02-24 13:00:00","open",27.3866666666667,31.7411778706071,25.0088284529782,433.746666666667,0.0411778706071395,0.0411778706071395,"Winter",1.5
"2022-02-24 14:00:00","open",27.1583333333333,30.4684989664901,24.9885821410656,354.183333333333,1.2315010335099,-1.2315010335099,"Winter",1.5
"2022-02-24 15:00:00","burrow",24.8766666666667,26.5551505509441,24.3269389061908,158.811666666667,NA,NA,"Winter",1.5
"2022-02-24 16:00:00","burrow",23.16,24.557134813611,23.6835972913057,112.295,NA,NA,"Winter",1.5
"2022-02-24 17:00:00","burrow",21.295,22.9563211539838,23.3958905624985,58.2616666666667,NA,NA,"Winter",1.5
"2022-02-24 18:00:00","burrow",19.145,20.0621320249473,22.8486665672738,0.633333333333333,NA,NA,"Winter",1.5
"2022-02-25 07:00:00","burrow",14.8183333333333,15.744794021024,18.7360182962359,71.1233333333333,NA,NA,"Winter",1.5
"2022-02-25 08:00:00","burrow",17.3516666666667,19.4790863232893,20.6630303434234,234.826666666667,NA,NA,"Winter",1.5
"2022-02-25 09:00:00","burrow",18.2133333333333,20.5463247700517,20.1241550214817,140.245,NA,NA,"Winter",1.5
"2022-02-25 10:00:00","burrow",20.85,23.8129742099421,21.2202544244109,311.573333333333,NA,NA,"Winter",1.5
"2022-02-25 11:00:00","burrow",20.1216666666667,23.5842320361448,20.9677191743197,235.078333333333,NA,NA,"Winter",1.5
"2022-02-25 12:00:00","burrow",20.735,24.6264846801319,20.9521053935603,447.141666666667,NA,NA,"Winter",1.5
"2022-02-25 13:00:00","burrow",23.82,27.7699857045146,21.8766132034358,775.995,NA,NA,"Winter",1.5
"2022-02-25 14:00:00","open",25.1816666666667,30.4011672925646,22.5792671526076,718.986666666667,1.29883270743543,-1.29883270743543,"Winter",1.5
"2022-02-25 15:00:00","burrow",22.87,26.7814790601892,22.7387330011886,463.69,NA,NA,"Winter",1.5
"2022-02-25 16:00:00","burrow",21.21,23.8961268858238,22.4104551707482,256.728333333333,NA,NA,"Winter",1.5
"2022-02-25 17:00:00","burrow",20.6233333333333,21.8722373022362,22.0550727967281,78.58,NA,NA,"Winter",1.5
"2022-02-25 18:00:00","burrow",19.4233333333333,20.1835604567361,21.3794676943206,0.72,NA,NA,"Winter",1.5
"2022-02-26 07:00:00","burrow",16.4933333333333,17.4319753275996,18.3904714875191,95.3883333333333,NA,NA,"Winter",1.5
"2022-02-26 08:00:00","burrow",17.1566666666667,18.787177615561,19.9116498741768,183.731666666667,NA,NA,"Winter",1.5
"2022-02-26 09:00:00","burrow",18.9816666666667,20.9711959624705,19.7258982662526,200.1,NA,NA,"Winter",1.5
"2022-02-26 10:00:00","burrow",21.325,24.0093083657388,20.3320800118588,398.405,NA,NA,"Winter",1.5
"2022-02-26 11:00:00","burrow",21.045,22.9314781069406,20.7455595133613,162.175,NA,NA,"Winter",1.5
"2022-02-26 12:00:00","burrow",20.575,22.035155552726,20.8869778732023,133.981666666667,NA,NA,"Winter",1.5
"2022-02-26 13:00:00","burrow",20.3433333333333,21.8128901855846,21.0228452640419,104.79,NA,NA,"Winter",1.5
"2022-02-26 14:00:00","burrow",19.8283333333333,21.0508315980989,20.9132119829971,86.1483333333333,NA,NA,"Winter",1.5
"2022-02-26 15:00:00","burrow",20.195,21.5809491751944,21.0212255339776,118.213333333333,NA,NA,"Winter",1.5
"2022-02-26 16:00:00","burrow",20.145,21.4862977955388,21.1249058499673,85.5833333333333,NA,NA,"Winter",1.5
"2022-02-26 17:00:00","burrow",19.3633333333333,20.4322895942028,20.9715177472366,29.8316666666667,NA,NA,"Winter",1.5
"2022-02-26 18:00:00","burrow",18.735,19.5002559166181,20.6260500926069,0.738333333333333,NA,NA,"Winter",1.5
"2022-02-27 07:00:00","burrow",14.7166666666667,15.8182535867654,18.1675779914398,137.663333333333,NA,NA,"Winter",1.5
"2022-02-27 08:00:00","burrow",18.0683333333333,20.3824962933877,20.0428313121548,346.271666666667,NA,NA,"Winter",1.5
"2022-02-27 09:00:00","burrow",21.2683333333333,24.8068739632182,20.5591607831812,528.39,NA,NA,"Winter",1.5
"2022-02-27 10:00:00","burrow",23.8566666666667,28.5271270443167,21.1838605704892,711.958333333333,NA,NA,"Winter",1.5
"2022-02-27 11:00:00","open",26.1166666666667,31.4486603930917,22.3511454468128,810.981666666667,0.25133960690825,-0.25133960690825,"Winter",1.5
"2022-02-27 12:00:00","open",27.8683333333333,33.3026642992573,23.350254659446,813.213333333333,1.60266429925727,1.60266429925727,"Winter",1.5
"2022-02-27 13:00:00","open",28.5366666666667,33.8605517073959,23.7671407785982,815.821666666667,2.16055170739591,2.16055170739591,"Winter",1.5
"2022-02-27 14:00:00","open",27.5433333333333,32.3051770164802,24.0283159838329,634.206666666667,0.605177016480223,0.605177016480223,"Winter",1.5
"2022-02-27 15:00:00","open",25.7116666666667,29.7236972933481,24.2836745973019,456.766666666667,1.97630270665192,-1.97630270665192,"Winter",1.5
"2022-02-27 16:00:00","burrow",23.1016666666667,25.6206686374263,24.2719376863198,169.866666666667,NA,NA,"Winter",1.5
"2022-02-27 17:00:00","burrow",21.5383333333333,23.1302126610758,23.5327222476308,50.9016666666667,NA,NA,"Winter",1.5
"2022-02-27 18:00:00","burrow",20.07,20.8582927376326,22.6732762139484,1.71,NA,NA,"Winter",1.5
"2022-02-28 06:00:00","burrow",13.7616666666667,14.5404538206643,17.8315263455266,4.29666666666667,NA,NA,"Winter",1.5
"2022-02-28 07:00:00","burrow",15.145,16.215315355882,18.6637567139217,136.921666666667,NA,NA,"Winter",1.5
"2022-02-28 08:00:00","burrow",18.8083333333333,20.9682255035404,21.0253934224948,340.091666666667,NA,NA,"Winter",1.5
"2022-02-28 09:00:00","burrow",21.9133333333333,25.431263119373,21.1202560121042,531.401666666667,NA,NA,"Winter",1.5
"2022-02-28 10:00:00","open",25.4933333333333,29.7090733455209,21.7580040004987,703.876666666667,1.99092665447914,-1.99092665447914,"Winter",1.5
"2022-02-28 11:00:00","open",27.3233333333333,32.4907610172923,22.5522212391318,795.646666666667,0.790761017292343,0.790761017292343,"Winter",1.5
"2022-02-28 12:00:00","open",28.1516666666667,33.6033445983349,23.1006829335295,810.253333333333,1.90334459833491,1.90334459833491,"Winter",1.5
"2022-02-28 13:00:00","open",29.4883333333333,34.4355357532744,23.662990165087,753.308333333333,2.73553575327439,2.73553575327439,"Winter",1.5
"2022-02-28 14:00:00","open",28.0366666666667,32.9388256777655,24.0686909996691,634.661666666667,1.23882567776547,1.23882567776547,"Winter",1.5
"2022-02-28 15:00:00","open",25.8716666666667,29.7576490968241,24.3734274318255,450.513333333333,1.94235090317585,-1.94235090317585,"Winter",1.5
"2022-02-28 16:00:00","burrow",23.6266666666667,26.2490406467998,24.1769321522702,229.485,NA,NA,"Winter",1.5
"2022-02-28 17:00:00","burrow",21.6066666666667,23.0404557771758,23.7524740534978,46.81,NA,NA,"Winter",1.5
"2022-02-28 18:00:00","burrow",20.0083333333333,20.9450212798698,22.9219148869957,2.09166666666667,NA,NA,"Winter",1.5
