"Active_location","avg_ToSun","avg_ToShade","avg_Tsurface_open","avg_radiation","mean_DF","sd_DF","DF.CI.25","DF.CI97.5","mean_DE","sd_DE","DE.CI.25","DE.CI97.5","n_hours","Round_percentage","season","habitat_loss","climate_change"
"burrow",45.5678497025448,40.98969490999,44.0707907471932,413.746675838173,NA,NA,NA,NA,NA,NA,NA,NA,287,0.355638166047088,"Summer","none",0
"Bush-Large",42.6081345210974,34.0613495334335,40.0101762820513,573.945283119658,-0.0825397428163726,0.521631784297521,-1.19190878903613,0.70969426055047,0.377896127987719,0.361479372868414,0.0246127555042772,1.19190878903613,26,0.0322180916976456,"Summer","none",0
"Bush-Medium",42.0230271428692,34.8605934453854,39.862720959596,492.615378787879,-0.270826876634848,0.534699655755257,-1.54824766558464,0.494868022668132,0.38701441985286,0.453686117093079,0.0238919390722879,1.54824766558464,22,0.0272614622057001,"Summer","none",0
"Bush-Small",45.7643011681586,35.3185654514421,42.6289351851852,688.870611111111,-0.0701518549000786,0.431921409174871,-1.11737145280003,0.204225134394557,0.232517771147886,0.365927098959967,0.0066550951751168,1.11737145280003,15,0.0185873605947955,"Summer","none",0
"open",35.5735065261968,35.7617842426838,35.294581372549,162.13141675817,0.273506526196822,1.08765756521546,-2.12616141683956,2.22091047329701,0.90009869912176,0.662474681868418,0.0285909317566357,2.34678322745228,85,0.105328376703841,"Summer","none",0
"Rock-Large",47.8738125159831,38.1778515460345,45.2653017676768,617.530841287879,0.732886896393948,1.18011519054849,-2.00597069275395,2.4054038436504,1.12673190930025,0.810509698229824,0.00746852173656674,2.47451920358272,220,0.272614622057001,"Summer","none",0
"Rock-Medium",45.9844590068387,36.7729322692088,43.0570356234097,656.909308948261,-0.0910840404082505,1.3014460512126,-2.55381001376966,2.19056581242565,1.0254421694559,0.801561972963457,0.0211783493261954,2.55381001376966,131,0.162329615861214,"Summer","none",0
"Rock-Small",40.637233077738,34.8920385759514,38.7350595238095,447.065132275132,-0.696608508521891,1.2504814083925,-2.75873942283983,0.854326063727562,1.01316855307069,0.997694489716021,0.032219177323757,2.75873942283983,21,0.0260223048327138,"Summer","none",0
"burrow",47.1378963455129,41.1795612386811,45.140218063553,541.158067485605,NA,NA,NA,NA,NA,NA,NA,NA,521,0.645600991325898,"Summer","Rock",0
"Bush-Large",42.0842803756878,34.6640010246974,39.2346246246246,513.357695195195,-0.0627587099857285,0.932869685098935,-2.27535322847498,1.38261647961489,0.633116053645406,0.679943852961651,0.0276379483643424,2.27535322847498,37,0.0458488228004957,"Summer","Rock",0
"Bush-Medium",42.8848392230037,35.2839448846654,39.9112810140237,485.421156957929,-0.143384823480565,1.49254823450113,-2.58830885084636,2.40201620940096,1.26246953648427,0.799378441337117,0.0516448538863386,2.58830885084636,103,0.127633209417596,"Summer","Rock",0
"Bush-Small",46.1262132391446,37.0783463905315,42.2919917257683,717.582848699764,0.65375814273161,0.883926082435905,-0.507066407063775,2.28137171806938,0.798912871518283,0.752249489292329,0.012427670853938,2.28137171806938,47,0.0582403965303594,"Summer","Rock",0
"open",35.647025025191,35.5260984388613,35.1847811447811,152.938741133558,0.347025025190993,1.11247718809707,-2.24775023590745,2.11115269616868,0.952024839489735,0.666078767885999,0.0289508721109204,2.38544633014381,99,0.122676579925651,"Summer","Rock",0
"burrow",45.5404693691635,39.9285515867126,43.8102032520325,399.175576051103,NA,NA,NA,NA,NA,NA,NA,NA,287,0.356079404466501,"Summer","Bush",0
"open",35.5922156704921,35.9118709235209,35.4434205426357,178.255110852713,0.292215670492077,1.09507264737267,-2.12266405756216,2.21248246017167,0.911521887917887,0.667031911281856,0.0286166417819418,2.34647775151953,86,0.106699751861042,"Summer","Bush",0
"Rock-Large",47.2045491412345,36.8884712926528,44.7525754458162,608.820402149063,0.57290016429306,1.24285026629406,-2.09545993208905,2.38891163645431,1.11253872357638,0.794600900970942,0.00754517212954191,2.46256413650248,243,0.301488833746898,"Summer","Bush",0
"Rock-Medium",45.8048686308581,35.4405879901443,43.3386034482759,664.095489655172,-0.156997808187621,1.27022474090459,-2.53421257152911,2.17966999533283,1.00488299800178,0.788345167993318,0.0218311544365449,2.53421257152911,145,0.179900744416873,"Summer","Bush",0
"Rock-Small",43.0122241036179,34.4190085894075,41.2563148148148,552.865166666667,-0.577826987937428,0.984481377051539,-2.73769385420989,0.639960041667508,0.806353831005977,0.803549601370864,0.0507451940470041,2.73769385420989,45,0.0558312655086849,"Summer","Bush",0
"burrow",47.7310652556072,42.0400112863448,45.4511255695759,467.776750329478,NA,NA,NA,NA,NA,NA,NA,NA,317,0.392812887236679,"Summer","none",0.5
"Bush-Large",42.4351169532731,34.4615220259185,39.5403496732026,535.60129130719,0.0476713683746259,0.488387762985678,-0.935332135536223,0.633021441486894,0.384237849802791,0.289950091929015,0.0135302438437378,0.935332135536223,17,0.0210656753407683,"Summer","none",0.5
"Bush-Medium",43.2274537564684,34.9135594784993,40.3710453216374,538.487397660819,-0.289376003879592,0.630025887903969,-1.41549308849015,0.643200363914704,0.505953913626272,0.463801934436659,0.0263852818516643,1.41549308849015,19,0.023543990086741,"Summer","none",0.5
"Bush-Small",43.5404792722036,35.7230392865996,40.1374459876543,613.245077160494,0.087382068855147,0.377093352528017,-0.653581676537365,0.675491188294333,0.275256346279565,0.264690940430096,0.0272428534765112,0.860071194603001,18,0.0223048327137546,"Summer","none",0.5
"open",35.8815654029047,36.1767904766771,35.1074765512266,158.660685425685,0.58156540290466,1.08461562139304,-1.84826097167461,2.13899926637356,1.06209928960711,0.613320370134102,0.0570780817507803,2.42930757415711,77,0.0954151177199504,"Summer","none",0.5
"Rock-Large",47.5514453519392,37.9840565261247,44.5126030927835,601.588218499427,0.761422139734035,1.14027424055561,-1.93601657156038,2.42843685293783,1.12591520338176,0.780217670854668,0.0256022773679247,2.43427827866931,194,0.240396530359356,"Summer","none",0.5
"Rock-Medium",44.3579060101452,36.4287576912729,41.226700617284,594.230114403292,-0.10902578537908,1.44403476675287,-2.72159211719046,2.27426218164347,1.17241269450578,0.844039313156038,0.0398600952719963,2.72159211719046,135,0.16728624535316,"Summer","none",0.5
"Rock-Small",40.3068540291116,34.8980628465663,38.1089074074074,403.791240740741,-0.482038046762843,1.01463355043034,-2.3576234223115,0.882377641905221,0.758391909060795,0.821500471845923,0.0102063823900012,2.3576234223115,30,0.0371747211895911,"Summer","none",0.5
"burrow",48.1406080478551,41.9014090299089,45.5396984579637,559.396009915505,NA,NA,NA,NA,NA,NA,NA,NA,526,0.65179677819083,"Summer","Rock",0.5
"Bush-Large",41.9075939443913,34.8218659169671,38.7062413194444,470.721383159722,-0.0645274394093276,1.15917620432327,-2.71530112175498,1.95596241220483,0.846084266828568,0.78040808547937,0.0237005956520417,2.71530112175498,32,0.0396530359355638,"Summer","Rock",0.5
"Bush-Medium",41.8252660886911,34.9755991610104,38.5915992448759,440.033015102481,-0.368975837517181,1.39850239569753,-2.61872483635925,2.30827530560971,1.22701778430569,0.756937049747661,0.0508710417012576,2.61872483635925,103,0.127633209417596,"Summer","Rock",0.5
"Bush-Small",43.7227118743015,36.3724748904893,39.9259920634921,578.327817460317,0.399370002790769,1.16670729360118,-2.75985044545341,2.2103603733182,0.917197677899355,0.81673446050596,0.0455426409258237,2.75985044545341,56,0.0693928128872367,"Summer","Rock",0.5
"open",35.8122408617789,36.0008861703723,34.9815802469136,142.090583333333,0.512240861778854,1.21951992683734,-2.42064431672691,2.35657221174197,1.13831835904242,0.66501118583741,0.0712563794040577,2.50229083055066,90,0.111524163568773,"Summer","Rock",0.5
"burrow",47.7188530204138,40.8355089465926,45.2010205696203,450.929341751055,NA,NA,NA,NA,NA,NA,NA,NA,316,0.392059553349876,"Summer","Bush",0.5
"open",35.8815654029047,36.3809236937103,35.2354004329004,170.523885281385,0.58156540290466,1.08461562139304,-1.84826097167461,2.13899926637356,1.06209928960711,0.613320370134102,0.0570780817507803,2.42930757415711,77,0.0955334987593052,"Summer","Bush",0.5
"Rock-Large",47.0892851176175,36.8730648065082,44.2433333333333,599.846896757044,0.65497981461913,1.18450284865568,-1.8767942034372,2.42678541968677,1.11557470530348,0.76394889856786,0.0275611721991254,2.43048469635104,209,0.259305210918114,"Summer","Bush",0.5
"Rock-Medium",44.3889072161911,35.3614465484903,41.6423675496689,613.047721854305,-0.153792650419769,1.39540827304692,-2.71368963355749,2.24587719368355,1.12881956236335,0.829605697868818,0.04315592446026,2.71368963355749,151,0.187344913151365,"Summer","Bush",0.5
"Rock-Small",41.5955658069898,34.9241965598669,39.7295754716981,480.136745283019,-0.309070760562967,0.895057218223051,-2.26310350772748,0.926564015303571,0.660371604040166,0.673804243740522,0.0130629255603687,2.26310350772748,53,0.0657568238213399,"Summer","Bush",0.5
"burrow",49.4746611091934,42.8059811220145,46.4371684972939,515.801887357529,NA,NA,NA,NA,NA,NA,NA,NA,349,0.432465923172243,"Summer","none",1
"Bush-Large",42.3501921268169,35.549893626572,39.2889739583333,466.5295925,0.183356814236493,0.443378071965323,-0.437314755297317,0.958137465649894,0.33198714061611,0.338942460915834,0.00165394257506613,0.958137465649894,16,0.0198265179677819,"Summer","none",1
"Bush-Medium",41.4846820290525,34.8748735486055,37.9901649305556,534.715399305556,-0.308446230092787,0.435825256010195,-0.983826744454096,0.466625271235,0.403350884267372,0.343347157937092,0.00765551025674682,0.983826744454096,16,0.0198265179677819,"Summer","none",1
"Bush-Small",41.2531611376551,35.8774086405867,38.3085317460317,434.687678571429,0.171408397017369,0.475412404344685,-0.394367215751887,1.06700542178356,0.321842501245441,0.38223993734346,0.0158495033132009,1.06700542178356,14,0.0173482032218092,"Summer","none",1
"open",36.2012816761692,36.8867574384137,35.0763018242123,133.54370854063,0.901281676169208,1.21479507328666,-1.72518920584452,2.35521070580363,1.34155976908315,0.687961764401434,0.158097223732211,2.41747028304163,67,0.0830235439900867,"Summer","none",1
"Rock-Large",47.2052116856352,37.7639749981971,43.7598980933596,582.040872945431,0.773767406366835,1.15899571202746,-1.75197764081326,2.37216764020048,1.16983952955259,0.754241566836665,0.0442425502327637,2.41486955631738,169,0.209417596034696,"Summer","none",1
"Rock-Medium",43.1016811563677,36.1587909901033,39.700305958132,543.531136272142,-0.00659953593837234,1.40214041556782,-2.71045320460423,2.25461145831718,1.13417898202278,0.818712495392053,0.0347306137979935,2.71045320460423,138,0.171003717472119,"Summer","none",1
"Rock-Small",39.9602946538032,34.9860677591751,37.2045906432749,407.365124269006,-0.509641422503355,1.12316444652802,-2.78969593456924,0.784810396646099,0.824298856306469,0.911273823131703,0.0143299221284243,2.78969593456924,38,0.047087980173482,"Summer","none",1
"burrow",49.3039306407296,42.7279166954571,46.0888303533418,578.797509778629,NA,NA,NA,NA,NA,NA,NA,NA,522,0.646840148698885,"Summer","Rock",1
"Bush-Large",41.0705268711895,35.0818372418668,37.6246396396396,396.987067117117,-0.165348825479103,1.2798139302596,-2.72095365391143,1.3635871607039,0.944562924178485,0.865471521520037,0.00338178956000803,2.72095365391143,37,0.0458488228004957,"Summer","Rock",1
"Bush-Medium",40.9476277888658,34.9255465935865,37.4559277777778,404.203236111111,-0.422742619371749,1.38243388795071,-2.76472513165256,2.32690143075451,1.16681462149673,0.846422764501507,0.0299764099507545,2.76472513165256,100,0.123915737298637,"Summer","Rock",1
"Bush-Small",42.5060757578148,36.1941643070873,38.628596743295,512.739181034483,0.326730301164328,1.39852428466347,-2.73629426281018,2.12410131095162,1.15441223755404,0.841693513638073,0.0228446189544371,2.73629426281018,58,0.0718711276332094,"Summer","Rock",1
"open",35.9874705732647,36.0309084993006,34.612012345679,142.48087345679,0.687470573264723,1.39344089241224,-2.55535281462705,2.32167382149186,1.39336080141198,0.675525856714208,0.225653354169898,2.55535281462705,90,0.111524163568773,"Summer","Rock",1
"burrow",49.4671201793618,41.4709953264959,46.2049688697318,498.798826609195,NA,NA,NA,NA,NA,NA,NA,NA,348,0.431761786600496,"Summer","Bush",1
"open",36.1854541621793,37.0546459167189,35.1736274509804,142.669730392157,0.885454162179346,1.21273904301581,-1.71446096713848,2.35343745096203,1.32440432064283,0.697309385174835,0.136987771812989,2.41631635794475,68,0.0843672456575682,"Summer","Bush",1
"Rock-Large",46.8331902655144,36.8466357967408,43.6601029962547,580.788130337079,0.697431588718446,1.18023940024086,-1.71029049957376,2.37137008343961,1.14790308639606,0.746322934509684,0.0449924842706297,2.41059014304222,178,0.220843672456576,"Summer","Bush",1
"Rock-Medium",43.1781077943022,35.4082588128555,40.1504277777778,568.151859259259,-0.0360867295044716,1.36625315957289,-2.69449632622405,2.25399025820601,1.10026595386285,0.805759757078213,0.0354108742770229,2.69449632622405,150,0.186104218362283,"Summer","Bush",1
"Rock-Small",40.5638252674993,35.2201576570894,38.2576075268817,437.465591397849,-0.182989507854174,1.04457337376921,-2.78455432066092,1.40946303022352,0.727902886488296,0.765923673482962,0.0147346207131587,2.78455432066092,62,0.0769230769230769,"Summer","Bush",1
"burrow",50.1558859642951,43.1286462898087,46.5213311055416,531.852902656642,NA,NA,NA,NA,NA,NA,NA,NA,399,0.494423791821561,"Summer","none",1.5
"Bush-Large",41.9001115538828,36.2539598553808,38.5277976190476,417.553849206349,0.394271384508649,0.495330561201218,-0.204219152945207,1.45645181376543,0.43844120869265,0.454678521133926,0.00296801415781189,1.45645181376543,21,0.0260223048327138,"Summer","none",1.5
"Bush-Medium",41.515570860845,35.0358619755288,37.7230555555556,495.795073529412,-0.0520809633397974,0.225708761127703,-0.480213248040239,0.26521499686227,0.188529683101894,0.126733940856216,0.0559456943744578,0.480213248040239,17,0.0210656753407683,"Summer","none",1.5
"Bush-Small",40.2298117577484,36.2149918510952,37.14825,376.666458333333,0.5099993075485,0.731582256923978,-0.245796578131091,1.59152195274897,0.60041560530065,0.650889761440093,0.022503500176613,1.59152195274897,10,0.0123915737298637,"Summer","none",1.5
"open",36.2017654669395,36.9768420204145,34.623722826087,120.74309178744,0.901765466939457,1.35232542709909,-2.17692967913755,2.43136175965076,1.38689683703439,0.832951863239224,0.164292302603764,2.47923330936583,46,0.057001239157373,"Summer","none",1.5
"Rock-Large",46.1183965137819,37.4596842432716,42.3964791666667,536.90387249269,0.793953158602115,1.14093150442165,-1.53805727152175,2.41275085323446,1.15274682218104,0.773715382368418,0.0345506498012718,2.41801002531949,152,0.188351920693928,"Summer","none",1.5
"Rock-Medium",42.7828569971751,36.1529457510313,38.9337819664903,527.529925044092,0.121171378624057,1.33753315550109,-2.28956390233589,2.33903033808511,1.08614314574737,0.78399637535381,0.0218586271630539,2.45635301738934,126,0.156133828996283,"Summer","none",1.5
"Rock-Small",38.9449581214599,35.1890030951443,35.8563117283951,364.290343364198,-0.27509865689844,0.962930819439326,-2.29066877982941,1.14640451784607,0.663335752578695,0.743297477836389,0.010581952452843,2.29066877982941,36,0.0446096654275093,"Summer","none",1.5
"burrow",50.0063111548186,43.3767978662908,46.261531152648,581.675786799585,NA,NA,NA,NA,NA,NA,NA,NA,535,0.662949194547708,"Summer","Rock",1.5
"Bush-Large",40.6962619661373,35.2695113447202,36.8045023148148,374.99809224537,-0.0733819938589475,1.17056494501922,-2.2425121765075,1.59078807122244,0.895236740198205,0.746472274540715,0.012016308105596,2.2425121765075,48,0.0594795539033457,"Summer","Rock",1.5
"Bush-Medium",39.947138667625,34.7442831143837,36.1621672771673,357.99184981685,-0.505800456683173,1.22434600297484,-2.62471937520796,2.12468622215568,1.01755832457553,0.843071866807633,0.043504819572167,2.62471937520796,91,0.11276332094176,"Summer","Rock",1.5
"Bush-Small",41.7536985818039,36.1321906032843,37.7148657407407,462.74375462963,0.380151080526067,1.5796555825239,-2.53172811044793,2.39242669356714,1.40535940897098,0.796094070148905,0.0394342228056443,2.53172811044793,60,0.0743494423791822,"Summer","Rock",1.5
"open",35.9026170455235,35.7554079366541,33.9921803652968,140.615867579909,0.602617045523481,1.57443955203475,-2.70965419496024,2.44236505107182,1.49164939436197,0.768849775189441,0.175461714012462,2.70965419496024,73,0.090458488228005,"Summer","Rock",1.5
"burrow",50.1497251339425,41.7777534075576,46.3243195142379,516.514615142379,NA,NA,NA,NA,NA,NA,NA,NA,398,0.493796526054591,"Summer","Bush",1.5
"open",36.1251056483479,37.1353380811905,34.6332638888889,129.487065972222,0.825105648347934,1.37518172789311,-2.13771800237029,2.43133001443571,1.36819572629367,0.821352991025876,0.165119666411816,2.47650232726998,48,0.0595533498759305,"Summer","Bush",1.5
"Rock-Large",45.7778453339336,36.7553093443659,42.3508333333333,539.129800414079,0.732987836694631,1.13918713105154,-1.53286164419104,2.4125513494147,1.11086985266698,0.77241951334829,0.037391439701004,2.4134380330581,161,0.199751861042184,"Summer","Bush",1.5
"Rock-Medium",42.8417107270636,35.5490208400312,39.4027144607843,550.02327001634,0.133045766473774,1.30855419801009,-2.28288917649182,2.33370596281707,1.06156720263427,0.77128066692834,0.0246195254420289,2.43562735531798,136,0.168734491315136,"Summer","Bush",1.5
"Rock-Small",40.0823855820542,35.6464575681497,37.4673148148148,406.638214285714,0.127772123974799,0.977145712006345,-2.28501201349772,1.80216305251665,0.735453121315516,0.649451637441812,0.0118745249187725,2.28501201349772,63,0.0781637717121588,"Summer","Bush",1.5
"burrow",50.6027611986795,43.3724708641236,46.4056103068547,540.404514276169,NA,NA,NA,NA,NA,NA,NA,NA,449,0.55638166047088,"Summer","none",2
"Bush-Large",40.9349838048982,36.3332629715839,37.3932546296296,355.128046296296,0.482106995340501,0.814827660506854,-0.896566531316584,1.95336519121735,0.719917133200031,0.606822523106304,0.0270299658858898,2.02637731268769,30,0.0371747211895911,"Summer","none",2
"Bush-Medium",39.9194900604185,35.1962680838237,36.2984821428571,380.355128968254,-0.0294195721054962,0.260545463249086,-0.550970874470811,0.319064548016449,0.188373951442176,0.174933375983519,0.0358572190690927,0.550970874470811,14,0.0173482032218092,"Summer","none",2
"Bush-Small",41.3341742526824,36.0218695267253,37.2050724637681,459.018508454106,0.201780473565963,0.553666403473545,-0.141988578787403,1.89195188650835,0.258530938104982,0.528428042368189,0.00339638522921888,1.89195188650835,23,0.0285006195786865,"Summer","none",2
"open",35.7796720959494,36.4743779609954,33.6482465277778,119.313511284722,0.479672095949371,1.28173695279857,-2.01079523629867,2.46670414469681,1.03263616322593,0.882961842419349,0.0196474569504895,2.46670414469681,32,0.0396530359355638,"Summer","none",2
"Rock-Large",46.1199551184727,37.5059368842207,41.9232922502334,530.026741428571,0.868950538726801,1.20518584134105,-1.76443125408281,2.37098641105548,1.24980822250207,0.799180102506494,0.0157846982525427,2.42021798601012,119,0.147459727385378,"Summer","none",2
"Rock-Medium",41.8711817767595,36.0999579646267,37.7328660436137,483.228735721703,0.297835748032708,1.2325319594451,-1.82482964393026,2.35691293121915,1.01954184882828,0.74793459178341,0.0453549252030815,2.35691293121915,107,0.132589838909542,"Summer","none",2
"Rock-Small",39.6801113656176,35.4170459200964,36.1352946127946,368.041165824916,-0.0514609505125347,0.987846438923763,-1.79177865076772,1.64777624824704,0.753350639019287,0.627135432853142,0.0251269354954843,1.79177865076772,33,0.0408921933085502,"Summer","none",2
"burrow",50.4991760398425,43.8958316764751,46.249287505014,578.286858391496,NA,NA,NA,NA,NA,NA,NA,NA,554,0.686493184634449,"Summer","Rock",2
"Bush-Large",39.9314299820807,35.414383236791,35.9124425287356,322.16622289272,0.0396116657922695,1.3038831137105,-2.50881629336514,2.05230850397805,1.07339622969677,0.727540133125863,0.0398323454647084,2.52297138444066,58,0.0718711276332094,"Summer","Rock",2
"Bush-Medium",39.37581785365,34.5639553248114,35.212225877193,323.88798245614,-0.619170689627729,1.16191413109212,-2.54967619007542,1.8459802640824,1.0755726030249,0.7524940168941,0.0428044631690865,2.54967619007542,76,0.0941759603469641,"Summer","Rock",2
"Bush-Small",40.8437931225821,35.8605053788793,36.4550912698413,427.620718253968,0.142116767066715,1.46089326338945,-2.75019625923712,2.29206998190983,1.14325143867061,0.910347619592043,0.009076122153715,2.75019625923712,70,0.0867410161090458,"Summer","Rock",2
"open",35.4477206503532,35.3599547710689,33.0326757369615,126.485691609977,0.147720650353225,1.48896966710328,-2.32494481965365,2.44927480353546,1.23507801257273,0.825899170540599,0.0309927156494069,2.44927480353546,49,0.0607187112763321,"Summer","Rock",2
"burrow",50.5971488165314,42.037797143314,46.2409319196429,526.582124613095,NA,NA,NA,NA,NA,NA,NA,NA,448,0.555831265508685,"Summer","Bush",2
"open",35.7025687850986,36.7269817954817,33.8002857142857,134.50530952381,0.402568785098616,1.25185012633535,-1.9957440278499,2.46449354352753,0.980113051861658,0.863181158991944,0.0211881756678775,2.46449354352753,35,0.043424317617866,"Summer","Bush",2
"Rock-Large",45.5462095481428,36.7673283522894,41.7343702290076,521.434417557252,0.802183352066384,1.17192034876547,-1.69929542292738,2.35988399800452,1.16330043896394,0.811275388104116,0.0148338099156398,2.41485319748192,131,0.162531017369727,"Summer","Bush",2
"Rock-Medium",41.7537717678792,35.6756480084949,38.0015804597701,496.647219827586,0.31261569921575,1.21234566733324,-1.80428149912876,2.34934015467308,1.00118612912923,0.746505491135628,0.0531557951141925,2.34934015467308,116,0.143920595533499,"Summer","Bush",2
"Rock-Small",40.8014709314818,36.0210018739849,37.6689035087719,427.289502923977,0.374424281169052,0.983665480911466,-1.79137987149432,2.07895105847851,0.81704963975838,0.658171344876426,0.0275041609248277,2.25975267674246,76,0.0942928039702233,"Summer","Bush",2
"burrow",51.0660725993577,43.631169361969,46.3065948275862,548.641786892044,NA,NA,NA,NA,NA,NA,NA,NA,493,0.61090458488228,"Summer","none",2.5
"Bush-Large",41.9244748255145,36.7288942571255,37.7574421296296,378.765486111111,0.749845876726385,0.871280950677684,-0.539817070964173,2.45129515759483,0.887961893070087,0.725575591734795,0.0426049204605965,2.45129515759483,36,0.0446096654275093,"Summer","none",2.5
"Bush-Medium",39.6066578108579,35.3569684871536,35.7179814814815,347.62237962963,-0.0251558841071917,0.182411130344193,-0.410777184842939,0.232400961564558,0.115940651477104,0.139819333486475,0.0112240915941257,0.455317102107826,15,0.0185873605947955,"Summer","none",2.5
"Bush-Small",41.0164080160606,36.3586756248079,36.3043284313725,465.264306013072,0.40574052578634,0.805109882111027,-0.238668961811626,2.39377533622086,0.518205903662303,0.733345374927411,0.00935858129457756,2.39377533622086,17,0.0210656753407683,"Summer","none",2.5
"open",35.5732844609933,36.3660015299917,32.9699588477366,100.180483539095,0.273284460993273,0.914670407078221,-1.51949180772296,1.99799668506213,0.69686810083779,0.640215422064766,0.0275155296832125,1.99799668506213,27,0.033457249070632,"Summer","none",2.5
"Rock-Large",45.995282425883,37.3066489804292,41.3543225308642,520.915202160494,0.884842704109876,1.17941094803863,-1.50538461175731,2.49027111464567,1.19344986554261,0.861642467748083,0.0145030750364123,2.49027111464567,90,0.111524163568773,"Summer","none",2.5
"Rock-Medium",40.7412054856776,35.9629207035365,36.3406663359788,434.223561507936,0.362726447944256,1.23979287281448,-1.7111194980302,2.38503644599922,1.02727096873026,0.77604259027733,0.0312478948316514,2.46973175692163,84,0.104089219330855,"Summer","none",2.5
"Rock-Small",39.9066557214267,35.7585628898012,35.8056172839506,369.291240740741,0.252721215227609,0.886735970880858,-1.29050850818436,2.13154824288606,0.615744789654848,0.681073959892706,0.00677632968057438,2.13154824288606,45,0.0557620817843866,"Summer","none",2.5
"burrow",50.9990531543402,44.3576398680583,46.2179408318688,580.091751794571,NA,NA,NA,NA,NA,NA,NA,NA,569,0.705080545229244,"Summer","Rock",2.5
"Bush-Large",40.4666247161729,35.7535743427125,35.8377521367521,326.539987179487,0.309673196170402,1.20170559514932,-1.92237257873511,2.45191408331181,0.992585287239357,0.735440359509364,0.0398822855163672,2.45191408331181,65,0.080545229244114,"Summer","Rock",2.5
"Bush-Medium",38.6838070522672,34.5424502429535,34.2228472222222,282.320767973856,-0.587942696789271,1.17544219056914,-2.55100247396849,2.21885428311885,1.0405281089454,0.796016257536185,0.0162617578285877,2.55100247396849,68,0.0842627013630731,"Summer","Rock",2.5
"Bush-Small",40.1109702695383,35.7534543569925,35.4542838541667,393.528868663194,0.0669055782226405,1.34841385718656,-2.3853235290831,2.39412603726599,1.05661115951821,0.829830785012877,0.0445916897425214,2.50725107937964,64,0.0793060718711276,"Summer","Rock",2.5
"open",35.315993353652,35.2243763103093,32.3883807588076,100.544647696477,0.0159933536519876,1.11390017939093,-1.81655247799689,2.35247783515681,0.890404246291785,0.65451934794352,0.0354065225901863,2.35247783515681,41,0.0508054522924411,"Summer","Rock",2.5
"burrow",51.0164763136988,42.2722918085922,46.1256518817204,536.215939502688,NA,NA,NA,NA,NA,NA,NA,NA,496,0.615384615384615,"Summer","Bush",2.5
"open",35.5231982875299,36.6941370186148,33.1551149425287,120.086149425287,0.223198287529869,0.903344415719133,-1.50935248290832,1.96393904055465,0.680047201071465,0.623415616118435,0.0286428143842088,1.96393904055465,29,0.0359801488833747,"Summer","Bush",2.5
"Rock-Large",45.5930601620131,36.7078117953423,41.4352233676976,520.205171821306,0.856310920366645,1.14556249593747,-1.45982414792528,2.48865447543042,1.14645773443102,0.851565261403428,0.0144762407303361,2.48865447543042,97,0.120347394540943,"Summer","Bush",2.5
"Rock-Medium",40.8622850308874,35.7005356351034,36.7497037037037,456.904198518519,0.359808959184193,1.22665603669214,-1.70835346065721,2.45630775109973,1.00688348368157,0.781278843928154,0.0322733888372834,2.47839968779572,90,0.11166253101737,"Summer","Bush",2.5
"Rock-Small",40.491963011908,36.2638743701134,36.9218971631206,404.070023640662,0.55788316301686,0.919221810034845,-1.28844641135714,2.15975529502844,0.814416236548184,0.699387714332122,0.00821756604268504,2.15975529502844,94,0.116625310173697,"Summer","Bush",2.5
"burrow",51.4685682443405,43.8423379609277,46.1493086825099,555.989499622681,NA,NA,NA,NA,NA,NA,NA,NA,533,0.660470879801735,"Summer","none",3
"Bush-Large",41.5405029785315,36.7801689742289,36.9942724867725,356.977913359788,0.817021682251632,0.812694551128833,-0.427672577723436,2.00460414354629,0.919810715757609,0.691079434592394,0.028426522342288,2.00460414354629,42,0.0520446096654275,"Summer","none",3
"Bush-Medium",39.665959867292,35.4305817849205,35.1814423076923,348.264861111111,-0.0592542815704036,0.325361759974553,-0.540878260054077,0.607126582818269,0.224896545050414,0.234244757867246,0.0172960848005502,0.720424009029732,13,0.0161090458488228,"Summer","none",3
"Bush-Small",38.7457734184948,36.1608942040465,34.2673985042735,333.497954059829,0.230547894549465,0.477960044950022,-0.323380222952197,1.09447806742075,0.371550019076987,0.374369918895619,0.0180170673436564,1.09447806742075,26,0.0322180916976456,"Summer","none",3
"open",35.8272852655847,37.0736432399988,32.7926555555556,83.0569722222222,0.52728526558472,0.924302647039255,-1.06110601011009,2.04804826489226,0.872219679963611,0.592860780785412,0.0773161962896211,2.04804826489226,25,0.0309789343246592,"Summer","none",3
"Rock-Large",45.8495709273067,37.075060947592,40.7170450191571,520.202626915709,0.902319497086877,1.15415524625871,-1.2770645661826,2.38850930377826,1.18644984071789,0.853334403786059,0.0265563023509685,2.38850930377826,58,0.0718711276332094,"Summer","none",3
"Rock-Medium",40.4959677147995,36.0683362254247,35.7248586235489,404.880012553897,0.485632709038246,1.17615559701464,-1.4541615819587,2.44547697888454,0.961805986628093,0.826841857377303,0.00703763155245589,2.44547697888454,67,0.0830235439900867,"Summer","none",3
"Rock-Small",40.4434072413301,35.9557888197314,35.876430878553,372.346753875969,0.345288926554369,0.846824166519586,-0.791676100577615,2.36008911673952,0.621408275485018,0.666207203759755,0.0145260013248503,2.36008911673952,43,0.0532837670384139,"Summer","none",3
"burrow",51.4502890170337,44.7060469655513,46.1103497066061,582.808699780428,NA,NA,NA,NA,NA,NA,NA,NA,587,0.727385377942999,"Summer","Rock",3
"Bush-Large",40.756394456943,36.0603203312908,35.6129749103943,316.401931003584,0.570386008213578,1.05897103330681,-1.45971841842138,2.30407423335657,0.955956396718269,0.723366760710955,0.0373055025485876,2.30407423335657,62,0.0768277571251549,"Summer","Rock",3
"Bush-Medium",37.8046648986569,34.4825978798117,33.0609433962264,240.653694968553,-0.578261465018667,1.0575546326836,-2.46466689196466,1.96170483904845,0.934624646127966,0.754265786337706,0.0251775469925526,2.53041425731625,53,0.0656753407682776,"Summer","Rock",3
"Bush-Small",39.2581646545989,35.6965302654419,34.4424914529915,329.24012965812,0.117665180940016,1.00595173171088,-1.8782522507673,2.04255178595426,0.767916661565532,0.65352147007429,0.0340045848205051,2.21701493151304,65,0.080545229244114,"Summer","Rock",3
"open",35.6026282168165,35.5367803444176,32.1460486111111,98.0603888888889,0.302628216816511,1.01097071715359,-1.30526646001429,1.90560990184427,0.888427922093001,0.553580338160124,0.0938599819256009,1.90560990184427,40,0.0495662949194548,"Summer","Rock",3
"burrow",51.4100991668919,42.5155684176175,45.9874859813084,543.336388149533,NA,NA,NA,NA,NA,NA,NA,NA,535,0.663771712158809,"Summer","Bush",3
"open",35.7813952201573,37.3352084906279,32.9227160493827,102.325987654321,0.481395220157322,0.921524108553337,-1.05486130849482,2.02905648315253,0.856313731493579,0.573048992146691,0.0795220343744184,2.02905648315253,27,0.0334987593052109,"Summer","Bush",3
"Rock-Large",44.9585880486887,36.5194515169086,40.5512254901961,508.220196078431,0.883279205249878,1.07820425955302,-1.18443793052121,2.38790776922352,1.12562567481751,0.817561610535018,0.029192967164775,2.38790776922352,68,0.0843672456575682,"Summer","Bush",3
"Rock-Medium",40.4949752299667,35.8337880134914,35.9372183098592,419.080075586854,0.468603555062635,1.146053687179,-1.38521779365698,2.44402623453078,0.925341101167891,0.817115017192792,0.00719154415773282,2.44402623453078,71,0.0880893300248139,"Summer","Bush",3
"Rock-Small",40.4836669248654,36.5249838945923,36.532626984127,392.838457671958,0.725944253781768,0.886681452563374,-0.786612565742851,2.43934941978495,0.887397962983039,0.723338991766141,0.0214863713264776,2.43934941978495,105,0.130272952853598,"Summer","Bush",3
"burrow",51.9732948101117,44.1105865302552,46.0911737714624,564.715820197355,NA,NA,NA,NA,NA,NA,NA,NA,563,0.697645600991326,"Summer","none",3.5
"Bush-Large",40.6386609193064,36.8464917829051,35.8358928571429,311.924585813492,0.82693057348345,0.859611976719463,-0.225262926681887,2.38085681170438,0.878089622224854,0.806299937942394,0.00387569467411808,2.38085681170438,56,0.0693928128872367,"Summer","none",3.5
"Bush-Medium",37.5080856270483,35.681315457295,33.1381076388889,235.012873263889,0.0695435020170998,0.357638674491173,-0.377233594490697,0.852217091859341,0.18282526097747,0.312106913767083,0.00734008312782208,0.981892089851775,16,0.0198265179677819,"Summer","none",3.5
"Bush-Small",39.2756645237031,36.3681828156344,34.2449434156379,343.348497942387,0.441194024343988,0.643612737108144,-0.197473511073613,1.59439261754161,0.523332767001464,0.576164231269326,0.0291433970040906,1.59439261754161,27,0.033457249070632,"Summer","none",3.5
"open",36.0387849166461,37.2460951729363,32.4743253968254,85.1421279761905,0.738784916646125,0.894012498676545,-0.534551608321693,2.33898995612665,0.907491223958756,0.715006725489561,0.0282192548221856,2.33898995612665,28,0.0346964064436183,"Summer","none",3.5
"Rock-Large",46.1086405744493,37.1610394502143,40.4341961279461,525.229078282828,1.0295394551135,1.16554806060207,-0.966900392187786,2.46574887690377,1.25514731972896,0.909368667657686,0.0416410789616464,2.46574887690377,33,0.0408921933085502,"Summer","none",3.5
"Rock-Medium",40.8745185656728,36.1842811898383,35.5272316919192,414.504681186869,0.625242720123242,1.12662285986608,-1.37754482908334,2.31169758065871,0.96196532355112,0.849941881125684,0.0505338576811178,2.31169758065871,44,0.0545229244114002,"Summer","none",3.5
"Rock-Small",39.8720836195406,36.1148112750422,34.9884333333333,338.294236305556,0.499376131214207,0.867895560154524,-0.325446829734516,2.38272384692874,0.652884934255471,0.756191143114189,0.00996888050215734,2.38272384692874,40,0.0495662949194548,"Summer","none",3.5
"burrow",51.9388058186782,45.1327320565624,46.0613618568233,583.76984450783,NA,NA,NA,NA,NA,NA,NA,NA,596,0.738537794299876,"Summer","Rock",3.5
"Bush-Large",40.2657185458167,36.240233443995,34.8012668350168,274.469903198653,0.679046760085238,0.922751224110906,-0.910418166606301,2.37928225270983,0.845740790931114,0.770315834544552,0.00407536801307984,2.37928225270983,66,0.0817843866171004,"Summer","Rock",3.5
"Bush-Medium",37.1294172138653,34.5679646495576,32.1653222222222,202.972722222222,-0.507012188070046,1.06943929994668,-2.58349012078667,2.28647935569031,0.865930220331538,0.800543578281501,0.0192386594681993,2.63305684492353,50,0.0619578686493185,"Summer","Rock",3.5
"Bush-Small",39.8696093594615,36.0024512618788,34.4694307832423,341.641945992714,0.421097812942706,0.98308182195481,-1.40765241551236,2.21120440792059,0.828209592707684,0.670347157260295,0.0351552983612713,2.21120440792059,61,0.0755885997521685,"Summer","Rock",3.5
"open",35.8750840136587,36.3154722521701,32.0957924836601,81.548839869281,0.575084013658677,0.945487686944976,-0.80011540742686,2.32220338234292,0.879970995303007,0.660966250225623,0.0297654213348588,2.32220338234292,34,0.0421313506815366,"Summer","Rock",3.5
"burrow",51.8439016052833,42.7518486055584,45.9025131348511,552.649879147694,NA,NA,NA,NA,NA,NA,NA,NA,571,0.708436724565757,"Summer","Bush",3.5
"open",35.8645788951843,37.4240987538465,32.4949264705882,103.356519607843,0.564578895184342,0.933374777895457,-0.661273178488252,2.32220338234292,0.854882842215954,0.668300829953273,0.0297654213348588,2.32220338234292,34,0.0421836228287841,"Summer","Bush",3.5
"Rock-Large",44.7095319320259,36.6814145760276,39.8113414634146,491.933577235772,1.02256999320427,1.10939410434606,-0.935135662474046,2.45921000834792,1.22656597995356,0.872049424502818,0.0511821745669465,2.45921000834792,41,0.0508684863523573,"Summer","Bush",3.5
"Rock-Medium",40.6431504096303,35.9651094256154,35.6734219858156,418.485390070922,0.608652974695162,1.0923748678156,-1.35233263087744,2.30550001243787,0.923882645989346,0.836468745830168,0.0508287714770379,2.30550001243787,47,0.0583126550868486,"Summer","Bush",3.5
"Rock-Small",39.83280638343,36.6489317888395,35.5140855457227,354.815694001967,0.793609750584898,0.827791277689142,-0.332369529993502,2.39205798703262,0.889960357485195,0.72220292672794,0.0297034129870923,2.39205798703262,113,0.140198511166253,"Summer","Bush",3.5
"burrow",52.242719108447,44.2948356969901,45.8264452763912,566.678467080791,NA,NA,NA,NA,NA,NA,NA,NA,601,0.744733581164808,"Summer","none",4
"Bush-Large",40.5182907654074,36.8911841048035,35.2999267676768,297.459393939394,0.803718038319356,0.746950664723426,-0.197871586330602,2.1840995875866,0.843184481755985,0.701237659496364,0.0185436703425552,2.1840995875866,55,0.0681536555142503,"Summer","none",4
"Bush-Medium",37.3598658412029,36.0858207979999,32.4522712418301,231.465081699346,0.188920087115207,0.469739328625752,-0.293193576270494,1.27184704435592,0.285656446715188,0.414580426737439,0.00347071033509536,1.27184704435592,17,0.0210656753407683,"Summer","none",4
"Bush-Small",38.0315181291977,36.4165461746559,32.9380923202614,268.957696078431,0.544909838189152,0.789661546992558,-0.159301147308505,2.09324391982138,0.597965408512766,0.749060751422033,0.0148733828039468,2.09324391982138,34,0.0421313506815366,"Summer","none",4
"open",36.0513200192448,37.6366177147784,32.0606611111111,68.3856888888889,0.751320019244791,0.889996077147864,-0.459190082094906,2.1285852399746,0.864544249156823,0.775573920029616,0.0171133792502147,2.1285852399746,25,0.0309789343246592,"Summer","none",4
"Rock-Large",41.4665573377099,36.1766332917101,36.0301388888889,366.005329861111,0.651522567562096,0.958048406399663,-0.50306806256597,2.19951869082695,0.765058145481268,0.866043722887735,0.0196656060730993,2.19951869082695,24,0.0297397769516729,"Summer","none",4
"Rock-Medium",41.2750085514812,36.4120348787537,35.2534060846561,442.087017195767,0.739432919444182,1.24334858602725,-0.979967421199831,2.45096105452684,1.1680762951338,0.82909134480792,0.0940604693813825,2.45096105452684,21,0.0260223048327138,"Summer","none",4
"Rock-Small",40.5761315181536,36.1265277755331,35.1991472222222,337.627421555556,0.634015930243803,0.749988066258038,-0.234548156292158,2.09976314742145,0.687868213422842,0.699171591323868,0.0156554678454038,2.09976314742145,30,0.0371747211895911,"Summer","none",4
"burrow",52.2314161195862,45.42720525261,45.8344480578139,578.095274785908,NA,NA,NA,NA,NA,NA,NA,NA,615,0.762081784386617,"Summer","Rock",4
"Bush-Large",40.2499666640542,36.3544121369493,34.3286245519713,256.023839605735,0.743875024823925,0.795354038866457,-0.485847712797233,2.15018814664207,0.837595929172621,0.694219975283119,0.0196568159594833,2.15018814664207,62,0.0768277571251549,"Summer","Rock",4
"Bush-Medium",36.8220731545294,34.7959128854351,31.5263055555556,191.837319444444,-0.353754013837377,0.886116655252859,-2.17351119352595,1.78536863645045,0.678173492243216,0.664711447150275,0.00493432425179243,2.19797029352088,40,0.0495662949194548,"Summer","Rock",4
"Bush-Small",39.4052080945393,36.1650316359586,33.7044398148148,309.21893212963,0.590977287713578,0.964399475059768,-0.915134714215578,2.12963579648391,0.844225017130965,0.748628248411368,0.0204435198593,2.12963579648391,60,0.0743494423791822,"Summer","Rock",4
"open",36.0031585036246,36.6505852170634,31.7244907407407,72.4865185185185,0.703158503624611,0.870621747993807,-0.420951512615388,2.11633566397901,0.835761414365555,0.739513512003403,0.0196104777713819,2.11633566397901,30,0.0371747211895911,"Summer","Rock",4
"burrow",52.1419739841912,42.9978561323737,45.6935849834983,556.464040418042,NA,NA,NA,NA,NA,NA,NA,NA,606,0.751861042183623,"Summer","Bush",4
"open",35.9706972679373,37.7885733437689,32.105859375,91.0850520833333,0.670697267937291,0.941029222365002,-0.747311639262484,2.11143583358078,0.88321696361425,0.738001218868072,0.0206093171798488,2.11143583358078,32,0.0397022332506203,"Summer","Bush",4
"Rock-Large",40.0746025885751,36.3337771478419,35.3359285714286,323.003952380952,0.80630474170278,0.978015089538532,-0.459504709722195,2.4640334879449,0.894066733300756,0.896044903907258,0.022055245159773,2.4640334879449,35,0.043424317617866,"Summer","Bush",4
"Rock-Medium",41.2750085514812,36.151290943269,35.6324206349206,460.827103174603,0.739432919444182,1.24334858602725,-0.979967421199831,2.45096105452684,1.1680762951338,0.82909134480792,0.0940604693813825,2.45096105452684,21,0.0260545905707196,"Summer","Bush",4
"Rock-Small",39.8345357750208,36.8337977151616,35.1288541666667,338.348468055556,0.968427169668738,0.758370998492152,-0.232896977323813,2.34508968918286,1.00197326269919,0.713044070537022,0.0569155288327759,2.34508968918286,112,0.138957816377171,"Summer","Bush",4
"burrow",52.58078535656,44.6256690386836,45.6466829933799,566.416330459832,NA,NA,NA,NA,NA,NA,NA,NA,621,0.769516728624535,"Summer","none",4.5
"Bush-Large",40.5756640325459,37.1785623288968,34.8922575757576,291.826156565657,1.02051946418036,0.797698223993197,-0.14350135727029,2.34116499469332,1.04099587599671,0.770278071668346,0.0454717837939906,2.34116499469332,55,0.0681536555142503,"Summer","none",4.5
"Bush-Medium",37.4928817338751,36.3011142465901,32.2454074074074,202.306412037037,0.269748798237828,0.537784780988985,-0.29942161447488,1.36848195826207,0.376188441347154,0.466999290100039,0.0265331522503821,1.36848195826207,30,0.0371747211895911,"Summer","none",4.5
"Bush-Small",38.623558449166,36.5326123199442,33.0067824074074,272.410185185185,0.625960357687314,0.857109375954237,-0.373219081563677,2.40538372700047,0.715091737587107,0.781655256822555,0.0246151544891973,2.40538372700047,30,0.0371747211895911,"Summer","none",4.5
"open",36.2560748659492,38.0444499237693,31.7755324074074,62.7306134259259,0.956074865949194,1.00631110760321,-0.607894936247711,2.41786936779229,1.11007302451363,0.825012140903953,0.0847652412182887,2.41786936779229,24,0.0297397769516729,"Summer","none",4.5
"Rock-Large",44.3182999688376,36.8111635075474,37.8555709876543,461.619367283951,1.05326016056079,1.16924121918016,-0.152973962299265,2.39419876360726,1.1198657143768,1.09740147378536,0.0160748709236003,2.39419876360726,9,0.0111524163568773,"Summer","none",4.5
"Rock-Medium",38.6960134206252,35.8983097036518,32.893,309.630907407407,0.677271402251141,1.04359286567531,-0.496447767217934,2.08244229888758,0.871974898396987,0.875155084343409,0.0270939622834181,2.08244229888758,15,0.0185873605947955,"Summer","none",4.5
"Rock-Small",40.5129396688571,36.4019457046276,34.6683140096618,329.515791400966,0.800539326158323,0.942364120955338,-0.176123300395402,2.30289530860256,0.866938427075521,0.878805114890791,0.0317061981192797,2.30289530860256,23,0.0285006195786865,"Summer","none",4.5
"burrow",52.557742627601,45.7831427038539,45.6491418966737,574.298327749469,NA,NA,NA,NA,NA,NA,NA,NA,628,0.77819083023544,"Summer","Rock",4.5
"Bush-Large",40.7049004771494,36.6899846464096,34.1622740112994,260.348210922787,1.02870594938396,0.823922340929986,-0.20007883137838,2.34723183934697,1.05526046082041,0.789021671643519,0.0463197804128956,2.34723183934697,59,0.0731102850061958,"Summer","Rock",4.5
"Bush-Medium",36.5803999044016,35.2340169870503,31.1453765432099,167.633864197531,-0.0887186944511658,0.747044678167438,-1.6530178571288,1.02280133406481,0.529237625491672,0.528835931438793,0.0326219228931244,1.68962234237556,45,0.0557620817843866,"Summer","Rock",4.5
"Bush-Small",39.9629289957864,36.3958642600008,33.6909606481481,308.566205671296,0.835119415667341,1.00237704242497,-0.531145126363409,2.43498148944543,0.972020954722096,0.867234455645527,0.0357252387811123,2.43498148944543,48,0.0594795539033457,"Summer","Rock",4.5
"open",36.1807651155323,37.2825010396771,31.4692695473251,52.9148251028807,0.880765115532269,0.971594294961286,-0.588570044075251,2.41389684249031,1.01765236758954,0.821055024998078,0.0918612155264956,2.41389684249031,27,0.033457249070632,"Summer","Rock",4.5
"burrow",52.3156615884702,43.2681831104283,45.3891326530612,554.925250120356,NA,NA,NA,NA,NA,NA,NA,NA,637,0.790322580645161,"Summer","Bush",4.5
"open",35.7238918214174,37.8585306406217,31.4227291666667,84.742125,0.423891821417407,1.12616652003242,-1.32915942262507,2.3966825661817,0.947944021755494,0.728631427317921,0.110247015148275,2.3966825661817,40,0.0496277915632754,"Summer","Bush",4.5
"Rock-Large",41.5374712738458,36.6731851104981,35.9201785714286,359.118035714286,1.08536026174243,0.988983006673999,-0.143814155797118,2.38825709753328,1.128178117767,0.935958188186245,0.0194606940267555,2.38825709753328,14,0.0173697270471464,"Summer","Bush",4.5
"Rock-Medium",38.6960134206252,35.9701786483551,33.2078333333333,323.815888888889,0.677271402251141,1.04359286567531,-0.496447767217934,2.08244229888758,0.871974898396987,0.875155084343409,0.0270939622834181,2.08244229888758,15,0.0186104218362283,"Summer","Bush",4.5
"Rock-Small",39.7740731373163,36.958559888861,34.6638333333333,322.475059222222,1.08701044651821,0.756872902242097,-0.17818715158548,2.30216151003387,1.11113868243581,0.720613209326603,0.039806234244319,2.30216151003387,100,0.124069478908189,"Summer","Bush",4.5
"burrow",52.7329833312607,44.858974929744,45.3071614449581,560.437502086971,NA,NA,NA,NA,NA,NA,NA,NA,649,0.804213135068154,"Summer","none",5
"Bush-Large",41.0362518074479,37.3704110827252,34.8327807328605,296.895395981087,1.14991807142404,0.796847101041303,-0.083876037676815,2.44147636508134,1.17073146838438,0.765254656513049,0.0566883694803188,2.44147636508134,47,0.0582403965303594,"Summer","none",5
"Bush-Medium",37.3781295162252,36.5445502093977,31.7036021505376,186.708660394265,0.481764775479918,0.461744795341132,-0.0954840336790301,1.37459653020124,0.502187499821186,0.438683755194717,0.0138651898549877,1.37459653020124,31,0.0384138785625774,"Summer","none",5
"Bush-Small",38.4025945156521,36.496555347196,32.4469583333333,244.457898148148,0.627361231973653,0.780693755543542,-0.173007009157682,2.31033899372415,0.677710690795533,0.735871744525613,0.0204976604261004,2.31033899372415,30,0.0371747211895911,"Summer","none",5
"open",35.914759062147,37.8295566689921,30.9887691570881,54.6856657088123,0.614759062147033,0.994119916409568,-0.834723198944564,2.45332143343659,0.89666046895915,0.739585210938694,0.0776147458068202,2.45332143343659,29,0.0359355638166047,"Summer","none",5
"Rock-Large",38.3814374544797,35.7650891676166,32.5590972222222,231.734201388889,0.242964171746834,0.702853529888007,-0.201607299009129,1.19251207245299,0.413395781449683,0.587239678483728,0.0337048721283644,1.20612578274062,4,0.00495662949194548,"Summer","none",5
"Rock-Medium",39.1414621519693,36.1008878021752,32.7986111111111,319.0859375,0.860887876400092,1.09762636434408,-0.0753262876360605,2.39224971351269,0.890621830652574,1.07017027843398,0.0420411450650592,2.39224971351269,8,0.00991325898389095,"Summer","none",5
"Rock-Small",43.5363011994939,37.6551599276522,36.4778518518519,450.519676790123,1.61208798198591,1.03214242202879,-0.186130059931274,2.47863272376934,1.6665867616443,0.929676683247311,0.0893110890483399,2.47863272376934,9,0.0111524163568773,"Summer","none",5
"burrow",52.6905417542126,45.9811888812431,45.2695085796806,566.008698766565,NA,NA,NA,NA,NA,NA,NA,NA,654,0.810408921933085,"Summer","Rock",5
"Bush-Large",40.8889805242825,36.8117549517243,33.7986226851852,251.869548611111,1.12152758086454,0.812492683159722,-0.19034043625916,2.44094727217902,1.1507750935312,0.769591536711307,0.0572209637053124,2.44094727217902,48,0.0594795539033457,"Summer","Rock",5
"Bush-Medium",36.9357660104545,35.663337324039,31.1467763157895,173.40307748538,0.244638368092968,0.669208278650796,-1.17441761032582,1.34889695704387,0.558059540705301,0.435267357865018,0.0153739194913777,1.34889695704387,38,0.047087980173482,"Summer","Rock",5
"Bush-Small",39.3644616953166,36.3221036948683,32.8254824561403,260.271098976608,0.830131094426495,0.908011418266498,-0.184476219508567,2.3760056661392,0.879995740453109,0.858431791247064,0.0222312458264296,2.3760056661392,38,0.047087980173482,"Summer","Rock",5
"open",35.914759062147,37.3894563254974,30.7612164750958,36.698285440613,0.614759062147033,0.994119916409568,-0.834723198944564,2.45332143343659,0.89666046895915,0.739585210938694,0.0776147458068202,2.45332143343659,29,0.0359355638166047,"Summer","Rock",5
"burrow",52.4998972134111,43.5647232060716,45.1110391566265,550.785190585676,NA,NA,NA,NA,NA,NA,NA,NA,664,0.823821339950372,"Summer","Bush",5
"open",35.6374386714508,38.0019518168097,30.8666098484848,74.9872916666667,0.337438671450838,1.09065898881911,-1.6234780773211,2.44617945703129,0.914676945573035,0.670790123198539,0.103603306911359,2.44617945703129,44,0.054590570719603,"Summer","Bush",5
"Rock-Large",37.4965869013234,36.3893124174828,31.9475,201.629375,0.610000252635424,0.913981083882131,-0.407859544983812,1.88196958428737,0.807826811734386,0.717501533649649,0.0445210295378438,1.88196958428737,8,0.00992555831265509,"Summer","Bush",5
"Rock-Medium",39.0520210865022,36.084989815888,33.0181666666667,313.568,0.711927802394934,1.02113089601553,-0.0789124690637024,2.38080704284796,0.748085430282979,0.991993985722664,0.0410963342126248,2.38080704284796,10,0.0124069478908189,"Summer","Bush",5
"Rock-Small",39.8571623510969,37.2100975273259,34.24434375,315.49929625,1.34124230514522,0.710832888231561,0.168530895931852,2.46814599722564,1.34737341785679,0.69899250934463,0.243402439407026,2.46814599722564,80,0.0992555831265509,"Summer","Bush",5
"burrow",52.9650512350459,45.1647241309957,45.0428625621891,555.635531457711,NA,NA,NA,NA,NA,NA,NA,NA,670,0.830235439900867,"Summer","none",5.5
"Bush-Large",41.133003213617,37.5086730439315,34.4310928362573,296.018081140351,1.30389007317825,0.76121212504884,-0.0895286538662887,2.38247832521145,1.32142911120026,0.729488760284104,0.0792472954525785,2.38247832521145,38,0.047087980173482,"Summer","none",5.5
"Bush-Medium",37.979512697151,37.0543760894009,31.7490277777778,191.453644444444,0.841230292756367,0.63409581830093,-0.106267449163519,1.89720530687176,0.863407795959524,0.602243885608349,0.0735356550619201,1.89720530687176,25,0.0309789343246592,"Summer","none",5.5
"Bush-Small",38.4018741135312,36.714151603421,32.0626646090535,222.84033436214,0.762691256824392,0.711966905319636,-0.140856621609176,2.18103631020398,0.793659500664985,0.675903599963285,0.0698301536806248,2.18103631020398,27,0.033457249070632,"Summer","none",5.5
"open",35.8934808837912,37.9554075595793,30.5145669934641,46.9475612745098,0.593480883791238,0.955623536338739,-0.902792625946658,2.42663058511308,0.885104290001886,0.684806493440223,0.106529950291165,2.42663058511308,34,0.0421313506815366,"Summer","none",5.5
"Rock-Large",39.9263111741066,36.3856060748652,33.4218055555556,260.278148148148,0.573056275342959,1.05507325036429,-0.109431915803467,1.70061403414458,0.651585515179709,0.984339514756562,0.0528624613018799,1.70403147616843,3,0.00371747211895911,"Summer","none",5.5
"Rock-Medium",42.9513755686931,37.3684188893847,35.2844444444444,440.33625,1.39830095289603,1.3571428962134,0.486638255191963,2.3099636506001,1.39830095289603,1.3571428962134,0.486638255191963,2.3099636506001,2,0.00247831474597274,"Summer","none",5.5
"Rock-Small",39.4409081659092,36.3489013420604,32.8078090277778,291.833282222222,0.86694944623753,1.10553149387617,0.000956206546492312,2.34249249137901,0.86769701334763,1.10486101715089,0.00589014947315114,2.34249249137901,8,0.00991325898389095,"Summer","none",5.5
"burrow",52.9342782273448,46.2649067351382,45.0008085685983,559.669365905564,NA,NA,NA,NA,NA,NA,NA,NA,673,0.833952912019826,"Summer","Rock",5.5
"Bush-Large",40.8496661345217,36.88413933298,33.3656597222222,248.1760625,1.23072919449413,0.808749484833994,-0.187946081254021,2.3822761105822,1.26332403066546,0.755445584058822,0.0804187022917056,2.3822761105822,40,0.0495662949194548,"Summer","Rock",5.5
"Bush-Medium",37.6753036823566,36.1658841730457,31.4298655913978,191.945250896057,0.620376393217496,0.752169854907049,-0.67766548690016,1.8751902975769,0.788706487625041,0.566270313359208,0.0782639663869755,1.8751902975769,31,0.0384138785625774,"Summer","Rock",5.5
"Bush-Small",38.9826038462875,36.3455429978614,31.9333045977011,213.29745210728,0.869332883020412,0.793977788514502,-0.140818288172665,2.30772119154524,0.89816538590648,0.760012683941711,0.0704188635724037,2.30772119154524,29,0.0359355638166047,"Summer","Rock",5.5
"open",35.8934808837912,37.4797240997705,30.3250408496732,31.8482843137255,0.593480883791238,0.955623536338739,-0.902792625946658,2.42663058511308,0.885104290001886,0.684806493440223,0.106529950291165,2.42663058511308,34,0.0421313506815366,"Summer","Rock",5.5
"burrow",52.6665011389624,43.8910070728158,44.8010080058224,545.973445971211,NA,NA,NA,NA,NA,NA,NA,NA,687,0.852357320099256,"Summer","Bush",5.5
"open",35.6953160143597,38.0719129020738,30.4516826923077,73.2629807692308,0.395316014359752,1.05026558919479,-1.13113090279904,2.32294964980209,0.927058977790869,0.621374837953454,0.120402060689684,2.32294964980209,52,0.0645161290322581,"Summer","Bush",5.5
"Rock-Large",38.2986198451728,36.8092042250567,32.0795238095238,201.788571428571,0.999760203888263,1.05164335526886,-0.0927080279001523,2.39371639978269,1.03341559238973,1.01297673804143,0.0596973453495899,2.39371639978269,7,0.0086848635235732,"Summer","Bush",5.5
"Rock-Medium",40.9471343369061,36.8588531802179,33.6975,325.840833333333,1.19683107147095,1.02112132468946,0.456417772978202,2.27974316838633,1.19683107147095,1.02112132468946,0.456417772978202,2.27974316838633,3,0.00372208436724566,"Summer","Bush",5.5
"Rock-Small",40.2088038724301,37.3606841738646,34.2059795321637,310.982301754386,1.4925105617291,0.678561671332394,0.0267776169690905,2.39684100780881,1.49261548342876,0.678326723906388,0.0267776169690905,2.39684100780881,57,0.0707196029776675,"Summer","Bush",5.5
"burrow",53.2476328259254,45.5086427326244,44.8318581956592,550.976565385488,NA,NA,NA,NA,NA,NA,NA,NA,686,0.850061957868649,"Summer","none",6
"Bush-Large",41.3129349691079,37.5625593282333,34.093664874552,297.070775089606,1.21555403021816,0.902076461594055,-0.066960098141811,2.47205385442116,1.22756338342996,0.885112238045759,0.0232876581611681,2.47205385442116,31,0.0384138785625774,"Summer","none",6
"Bush-Medium",38.4463673097595,37.2469377420982,31.6893199233716,195.356810344828,1.04958711499165,0.865860728336122,-0.197356768846641,2.38311961132819,1.09836445521248,0.800750649022518,0.0260622461878057,2.38311961132819,29,0.0359355638166047,"Summer","none",6
"Bush-Small",39.6833261098468,37.3360030921109,32.5623511904762,268.891071428571,1.38949273660855,0.714030545796422,0.0413100014330469,2.2863434490131,1.40131811011272,0.688693396965295,0.153059781047466,2.2863434490131,14,0.0173482032218092,"Summer","none",6
"open",35.893980529073,37.9848789942731,30.0256092171717,45.8025347222222,0.593980529072999,1.01101677588529,-1.06925768841802,2.33931117269462,0.910529385214667,0.731319647316127,0.0629389034586431,2.33931117269462,44,0.0545229244114002,"Summer","none",6
"Rock-Large",49.3589734667556,38.445445243162,40.3733333333333,636.589166666667,2.28790930130651,NA,2.28790930130651,2.28790930130651,2.28790930130651,NA,2.28790930130651,2.28790930130651,1,0.00123915737298637,"Summer","none",6
"Rock-Medium",41.9963082002444,36.6327009677523,34.4934722222222,331.491527777778,0.939165734314798,NA,0.939165734314798,0.939165734314798,0.939165734314798,NA,0.939165734314798,0.939165734314798,1,0.00123915737298637,"Summer","none",6
"Rock-Small",42.3196659419589,38.8800319084283,34.894,327.58098,2.4710332806658,NA,2.4710332806658,2.4710332806658,2.4710332806658,NA,2.4710332806658,2.4710332806658,1,0.00123915737298637,"Summer","none",6
"burrow",53.2260970319674,46.5860781396866,44.7823550549096,554.084590082364,NA,NA,NA,NA,NA,NA,NA,NA,688,0.852540272614622,"Summer","Rock",6
"Bush-Large",41.3129349691079,36.9686092436026,33.0948835125448,252.641980286738,1.21555403021816,0.902076461594055,-0.066960098141811,2.47205385442116,1.22756338342996,0.885112238045759,0.0232876581611681,2.47205385442116,31,0.0384138785625774,"Summer","Rock",6
"Bush-Medium",38.5646986727757,36.6945255280596,31.8286944444444,206.009240740741,1.0490525945122,0.850806169304222,-0.196883745066844,2.37945264780529,1.09620402339234,0.786912463882487,0.0262442166644679,2.37945264780529,30,0.0371747211895911,"Summer","Rock",6
"Bush-Small",39.6833261098468,36.8715062165668,32.011130952381,231.283214285714,1.38949273660855,0.714030545796422,0.0413100014330469,2.2863434490131,1.40131811011272,0.688693396965295,0.153059781047466,2.2863434490131,14,0.0173482032218092,"Summer","Rock",6
"open",35.893980529073,37.4898518921655,29.8271654040404,30.5216982323232,0.593980529072999,1.01101677588529,-1.06925768841802,2.33931117269462,0.910529385214667,0.731319647316127,0.0629389034586431,2.33931117269462,44,0.0545229244114002,"Summer","Rock",6
"burrow",52.8836628071174,44.2337878066037,44.5516643092881,540.662901766462,NA,NA,NA,NA,NA,NA,NA,NA,707,0.877171215880893,"Summer","Bush",6
"open",35.9009092476749,38.4114016193349,30.179355345912,64.9423113207547,0.600909247674859,1.02832369020573,-1.30141021584932,2.33015633978119,0.944772415083391,0.718140242630526,0.0675563773367969,2.33015633978119,53,0.0657568238213399,"Summer","Bush",6
"Rock-Large",38.9996741358602,36.9936186218635,32.3115,239.2355,1.20300828782414,1.09236075845047,0.30622275259647,2.47661586787787,1.20300828782414,1.09236075845047,0.30622275259647,2.47661586787787,5,0.00620347394540943,"Summer","Bush",6
"Rock-Medium",39.7257371264942,36.7705127086676,32.595,220.618333333333,1.11646041229966,0.250732538142766,0.948030468214042,1.28489035638528,1.11646041229966,0.250732538142766,0.948030468214042,1.28489035638528,2,0.00248138957816377,"Summer","Bush",6
"Rock-Small",40.2295346289769,37.5868421945355,33.6638461538462,299.524047863248,1.75281895803115,0.595579717766417,0.518210492902743,2.40878983675137,1.75281895803115,0.595579717766417,0.518210492902743,2.40878983675137,39,0.0483870967741935,"Summer","Bush",6
"burrow",53.3371178742552,45.7697699437698,44.4512587513674,541.183814425691,NA,NA,NA,NA,NA,NA,NA,NA,711,0.881040892193309,"Summer","none",6.5
"Bush-Large",41.3630803346503,37.6826503653368,33.7128174603175,282.044543650794,1.29699820332566,0.813352605648715,0.0464832305806908,2.43317205071063,1.3235204709311,0.767180069276219,0.324967040437862,2.43317205071063,21,0.0260223048327138,"Summer","none",6.5
"Bush-Medium",39.0014870330778,37.8325637169263,31.7843452380952,187.395806878307,1.51485554030022,0.687060234609491,0.370636500084519,2.38786911684933,1.51485554030022,0.687060234609491,0.370636500084519,2.38786911684933,21,0.0260223048327138,"Summer","none",6.5
"Bush-Small",39.8785106810817,37.3410265649028,32.2997222222222,265.735347222222,1.38343719623883,0.926833358757836,-0.0838529367109917,2.42906052093554,1.40890215001755,0.883996056929018,0.112987060513694,2.42906052093554,12,0.0148698884758364,"Summer","none",6.5
"open",35.9859862149655,38.0779398082578,29.632527100271,42.9184993224932,0.685986214965513,0.839033143645238,-1.03487193036967,2.09150483642048,0.862955568435144,0.650391043538759,0.076207184418557,2.09150483642048,41,0.0508054522924411,"Summer","none",6.5
"Rock-Medium",42.5117623720457,37.1332013467918,34.4934722222222,331.491527777778,1.43967686450431,NA,1.43967686450431,1.43967686450431,1.43967686450431,NA,1.43967686450431,1.43967686450431,1,0.00123915737298637,"Summer","none",6.5
"burrow",53.3371178742552,46.8164299526044,44.4085282856696,543.463436363494,NA,NA,NA,NA,NA,NA,NA,NA,711,0.881040892193309,"Summer","Rock",6.5
"Bush-Large",41.3630803346503,37.0905916176129,32.6399206349206,236.209404761905,1.29699820332566,0.813352605648715,0.0464832305806908,2.43317205071063,1.3235204709311,0.767180069276219,0.324967040437862,2.43317205071063,21,0.0260223048327138,"Summer","Rock",6.5
"Bush-Medium",39.1610450030309,37.2307521769372,32.0281186868687,204.808194444444,1.51573921728341,0.670514943852072,0.374678268430206,2.38342843887564,1.51573921728341,0.670514943852072,0.374678268430206,2.38342843887564,22,0.0272614622057001,"Summer","Rock",6.5
"Bush-Small",39.8785106810817,36.8435885232233,31.6375,228.417361111111,1.38343719623883,0.926833358757836,-0.0838529367109917,2.42906052093554,1.40890215001755,0.883996056929018,0.112987060513694,2.42906052093554,12,0.0148698884758364,"Summer","Rock",6.5
"open",35.9859862149655,37.5602745114109,29.4498306233062,29.112364498645,0.685986214965513,0.839033143645238,-1.03487193036967,2.09150483642048,0.862955568435144,0.650391043538759,0.076207184418557,2.09150483642048,41,0.0508054522924411,"Summer","Rock",6.5
"burrow",52.9267038081574,44.5183939562559,44.1441621315193,530.27961711867,NA,NA,NA,NA,NA,NA,NA,NA,735,0.911910669975186,"Summer","Bush",6.5
"open",36.0210742097787,38.5444276393899,29.8146598639456,62.5412074829932,0.721074209778735,0.901266977127665,-1.00359179215934,2.16265231758392,0.935092033952862,0.671154760052445,0.0795882156352349,2.16265231758392,49,0.0607940446650124,"Summer","Bush",6.5
"Rock-Large",35.9483500149988,36.627596614883,29.52125,113.514166666667,0.840177893492079,0.0601688212942953,0.799759401016541,0.880596385967617,0.840177893492079,0.0601688212942953,0.799759401016541,0.880596385967617,2,0.00248138957816377,"Summer","Bush",6.5
"Rock-Medium",40.2418454900166,37.2706069568468,32.595,220.618333333333,1.61664777684369,0.250274664375899,1.44852541012128,1.78477014356611,1.61664777684369,0.250274664375899,1.44852541012128,1.78477014356611,2,0.00248138957816377,"Summer","Bush",6.5
"Rock-Small",40.5875298039052,37.7123401894552,33.67,306.731296296296,1.90591457417546,0.421507018929829,1.08280408780763,2.41846674349509,1.90591457417546,0.421507018929829,1.08280408780763,2.41846674349509,18,0.0223325062034739,"Summer","Bush",6.5
